lender,finance_channel,customer_segment,offer_comp_tier,month_begin_date,num_tot_apps,pct_of_total_apps,str_apprv_rate,cond_apprv_rate,str_bk_rate,cond_bk_rate,num_tot_bks
ACA,FF,Deep_Subprime,multi_best,2023-01-01,7558,0.0218038461919459,0.3161439992026177,0.2259116352743206,0.3189917041328882,0.2837847244129315,3097.0
ACA,FF,Deep_Subprime,multi_other,2023-01-01,7327,0.0628107495151121,0.264795570758334,0.1909151519692702,0.2614221810291481,0.2520162905654976,3097.0
ACA,FF,Deep_Subprime,solo_offer,2023-01-01,7522,0.0089555572803423,0.2951392364901666,0.2729879628232459,0.3096881852416882,0.2850121821781295,3097.0
ACA,FF,Near_Prime,multi_best,2023-01-01,7548,0.0027720330015049,0.6590512891342921,0.5510730366933485,0.4875977747184119,0.474675921596087,3097.0
ACA,FF,Near_Prime,multi_other,2023-01-01,7521,0.1538344134381313,0.5929612758001985,0.4572999473757393,0.4792623785638876,0.4330882886824723,3097.0
ACA,FF,Near_Prime,solo_offer,2023-01-01,7453,0.0194269839331665,0.647463795012711,0.6121181181430357,0.549346320528897,0.5037915023773378,3097.0
ACA,FF,New_To_Credit,multi_best,2023-01-01,7291,0.0078682122632895,0.4039872316425159,0.3307868804102452,0.3175816968416511,0.3231131557263062,3097.0
ACA,FF,New_To_Credit,multi_other,2023-01-01,7370,0.076785700395531,0.3532106849159612,0.3130564343094658,0.3108782454020834,0.2861337299523347,3097.0
ACA,FF,New_To_Credit,solo_offer,2023-01-01,7244,0.0560635538194678,0.4817985657096023,0.3712741922941854,0.365071709851932,0.3556985537343553,3097.0
ACA,FF,Prime,multi_best,2023-01-01,7571,0.0089270261729345,0.7980513312480396,0.6102641925947723,0.5744287963421382,0.5772876248946216,3097.0
ACA,FF,Prime,multi_other,2023-01-01,7523,0.0708737612171769,0.7058975475622191,0.5174895796594101,0.4960593426472504,0.517586533939566,3097.0
ACA,FF,Prime,solo_offer,2023-01-01,7264,0.0115076941904455,0.9221385892198836,0.7237867412097891,0.6572030713198788,0.532820631522427,3097.0
ACA,FF,Subprime,multi_best,2023-01-01,7557,0.1170722897798218,0.5213676068365968,0.4178082240569657,0.4046294548834314,0.3594073047847866,3097.0
ACA,FF,Subprime,multi_other,2023-01-01,7415,0.2262462520253424,0.4758821985432371,0.3380814093967247,0.3775466187347153,0.3461834393401464,3097.0
ACA,FF,Subprime,solo_offer,2023-01-01,7274,0.1008040541802347,0.5586598396888973,0.4669636723613256,0.4799993555251711,0.4137610748424484,3097.0
ACA,FF,Super_Prime,multi_best,2023-01-01,7230,0.011730609031899,0.91752980962191,0.6592785689764314,0.7399681863240399,0.6140647412890605,3097.0
ACA,FF,Super_Prime,multi_other,2023-01-01,7315,0.0089699956400865,0.753203908428308,0.6868418931901964,0.668075865954066,0.5995134433691393,3097.0
ACA,FF,Super_Prime,solo_offer,2023-01-01,7291,0.0335472679235666,0.9595385419857084,0.7589153673421716,0.7865183488009567,0.6885797625433433,3097.0
ACA,FF,Deep_Subprime,multi_best,2023-02-01,8336,0.1715819664433509,0.3025395053363361,0.2312889154456625,0.2775788364041123,0.2631686126063673,3607.0
ACA,FF,Deep_Subprime,multi_other,2023-02-01,8316,0.0706318904861727,0.2461790186177183,0.218911507702829,0.2618601946750901,0.2596368124650565,3607.0
ACA,FF,Deep_Subprime,solo_offer,2023-02-01,8398,0.1793505022465367,0.3554411363508447,0.2557545473789245,0.3020622177554554,0.2737389369232655,3607.0
ACA,FF,Near_Prime,multi_best,2023-02-01,8044,0.0436282984028388,0.7003888435360051,0.4804611188904744,0.4631674934850472,0.4090139622879041,3607.0
ACA,FF,Near_Prime,multi_other,2023-02-01,8279,0.0209050607251122,0.6063622317969856,0.4493986416321321,0.4860070881144055,0.4140888309809099,3607.0
ACA,FF,Near_Prime,solo_offer,2023-02-01,8259,0.0032946000031574,0.6958384319471648,0.536530572901964,0.5933955918880239,0.4995291720161982,3607.0
ACA,FF,New_To_Credit,multi_best,2023-02-01,8163,0.0672343333987815,0.385341677643404,0.3152004450288645,0.3639118649132076,0.3040407774438427,3607.0
ACA,FF,New_To_Credit,multi_other,2023-02-01,8133,0.0011658971694658,0.3849605343019609,0.3088770718921694,0.3311085928172469,0.2597160605112362,3607.0
ACA,FF,New_To_Credit,solo_offer,2023-02-01,8319,0.006783504086564,0.4132775881055552,0.3579288713668132,0.3427009090873859,0.3114718207576925,3607.0
ACA,FF,Prime,multi_best,2023-02-01,8425,0.017806191973774,0.8005551632078464,0.6141061937894235,0.6666305829179947,0.4880227660673724,3607.0
ACA,FF,Prime,multi_other,2023-02-01,8316,0.0596742198468202,0.692035876132575,0.6409612298304173,0.5435789881223456,0.4885314280326658,3607.0
ACA,FF,Prime,solo_offer,2023-02-01,8253,0.003511960615573,0.9116321080828312,0.6768748117068958,0.6085620407241918,0.599497389107181,3607.0
ACA,FF,Subprime,multi_best,2023-02-01,8063,0.0023059079965661,0.533258590161771,0.4283823112276946,0.4294644079217197,0.3649204802782458,3607.0
ACA,FF,Subprime,multi_other,2023-02-01,8235,0.1044136744118242,0.4258182400309493,0.3348908483988788,0.3996688116289395,0.3316811237530604,3607.0
ACA,FF,Subprime,solo_offer,2023-02-01,8450,0.0489736827273576,0.5939823635725422,0.4013687625623361,0.4699168223955532,0.4162138963350305,3607.0
ACA,FF,Super_Prime,multi_best,2023-02-01,8144,0.1375045236775527,0.9496504042636504,0.7111259010949688,0.67364689891981,0.6779416050115431,3607.0
ACA,FF,Super_Prime,multi_other,2023-02-01,8077,0.0556766956715003,0.7889610308249944,0.6549510039892754,0.6035317273405348,0.5956592132692452,3607.0
ACA,FF,Super_Prime,solo_offer,2023-02-01,8386,0.0055570901170509,0.8829701356503541,0.7715692465671664,0.7472046232230257,0.7260369995340242,3607.0
ACA,FF,Deep_Subprime,multi_best,2024-01-01,8000,0.0225906412277909,0.3146104953774964,0.2237164750103188,0.3190780214471437,0.2879352456097181,3338.0
ACA,FF,Deep_Subprime,multi_other,2024-01-01,8000,0.0635660411041011,0.2704032576230852,0.1946758696581672,0.2585000591914453,0.2486826482330611,3338.0
ACA,FF,Deep_Subprime,solo_offer,2024-01-01,8000,0.0085527722804833,0.2989303206802809,0.2812031244298195,0.3055054112532473,0.2872060599429931,3338.0
ACA,FF,Near_Prime,multi_best,2024-01-01,8000,0.0026675916929298,0.6620130120057374,0.5537668204562155,0.4847809207902193,0.4660214537303158,3338.0
ACA,FF,Near_Prime,multi_other,2024-01-01,8000,0.1556725857113721,0.5926906397875076,0.4461938460878579,0.4840766987719643,0.4290915077501612,3338.0
ACA,FF,Near_Prime,solo_offer,2024-01-01,8000,0.019295216407349,0.654386712907113,0.6121780709671792,0.5494661179715372,0.4930780711553382,3338.0
ACA,FF,New_To_Credit,multi_best,2024-01-01,8000,0.0074818132841999,0.4031988303772684,0.3379101052896732,0.3224886447178871,0.3314447578576278,3338.0
ACA,FF,New_To_Credit,multi_other,2024-01-01,8000,0.0757486605362306,0.3629711936646799,0.3146683394222782,0.3050379464604372,0.2910196613406949,3338.0
ACA,FF,New_To_Credit,solo_offer,2024-01-01,8000,0.0533131174870742,0.4823443836664133,0.3612796723019735,0.3665048757419403,0.3557865952248031,3338.0
ACA,FF,Prime,multi_best,2024-01-01,8000,0.0092377583601943,0.7853525140913119,0.6237041301775763,0.5711704540512391,0.5641293722783672,3338.0
ACA,FF,Prime,multi_other,2024-01-01,8000,0.0677045519434196,0.7194061058513431,0.5277365240725612,0.5097797858105797,0.5038127518277128,3338.0
ACA,FF,Prime,solo_offer,2024-01-01,8000,0.0111517834528155,0.9344748291515786,0.7258580708739746,0.6667131729204064,0.5449340270774756,3338.0
ACA,FF,Subprime,multi_best,2024-01-01,8000,0.1176427584937701,0.5337013328363672,0.4157977169335427,0.4144112617408241,0.3685400192314933,3338.0
ACA,FF,Subprime,multi_other,2024-01-01,8000,0.2363931814840389,0.4727444975601877,0.3354195675811013,0.3874226946623229,0.3480954605978911,3338.0
ACA,FF,Subprime,solo_offer,2024-01-01,8000,0.096361592017878,0.5674297018124269,0.4708511921602934,0.4723218896844626,0.4125023477558309,3338.0
ACA,FF,Super_Prime,multi_best,2024-01-01,8000,0.0117405280800822,0.9144155174108062,0.6611741045852768,0.7528445207682533,0.600465605366177,3338.0
ACA,FF,Super_Prime,multi_other,2024-01-01,8000,0.0086956846450851,0.7499814172478143,0.6983817511510196,0.687412088776949,0.6080652717979022,3338.0
ACA,FF,Super_Prime,solo_offer,2024-01-01,8000,0.0321837217911846,0.935439233223659,0.7482527101879037,0.7756940611255858,0.7058814749690602,3338.0
ACA,FF,Deep_Subprime,multi_best,2024-02-01,9091,0.1717265648101698,0.3111339172337383,0.2366546829551742,0.2820314836020202,0.2695461055240376,3999.0
ACA,FF,Deep_Subprime,multi_other,2024-02-01,9091,0.0685405877604479,0.2464672826020572,0.219541164562702,0.2575256438394953,0.2574613722909674,3999.0
ACA,FF,Deep_Subprime,solo_offer,2024-02-01,9091,0.1796629206438375,0.3495714612044276,0.2630243801598627,0.304742340471518,0.2747360360568315,3999.0
ACA,FF,Near_Prime,multi_best,2024-02-01,9091,0.0431901248360788,0.7012328964782876,0.491915279012673,0.4713104704025083,0.407802067459606,3999.0
ACA,FF,Near_Prime,multi_other,2024-02-01,9091,0.0210075153034889,0.6027450185689787,0.455694065772544,0.4827922424855674,0.4028300024420161,3999.0
ACA,FF,Near_Prime,solo_offer,2024-02-01,9091,0.003450824519512,0.7003559989086797,0.5461702191486879,0.6032375412755813,0.4860240666251893,3999.0
ACA,FF,New_To_Credit,multi_best,2024-02-01,9091,0.0702729342665158,0.3913994845125348,0.318716085421896,0.3570014383683512,0.3018747424586861,3999.0
ACA,FF,New_To_Credit,multi_other,2024-02-01,9091,0.0012320466124503,0.3740386958011111,0.3087430500780983,0.332630612300281,0.2573963873972519,3999.0
ACA,FF,New_To_Credit,solo_offer,2024-02-01,9091,0.0068971623608756,0.4233118523852746,0.3488474984953589,0.3473947815729237,0.3168705693241629,3999.0
ACA,FF,Prime,multi_best,2024-02-01,9091,0.0177204678954755,0.8247217942849817,0.610977219455771,0.6541036274700492,0.5023142523123373,3999.0
ACA,FF,Prime,multi_other,2024-02-01,9091,0.0609529993041618,0.7102562113501348,0.6271045540033077,0.5313305502280212,0.4994647221129491,3999.0
ACA,FF,Prime,solo_offer,2024-02-01,9091,0.0034766452468996,0.914088071737542,0.6646843614806577,0.6048742980212912,0.615443317086476,3999.0
ACA,FF,Subprime,multi_best,2024-02-01,9091,0.0023172424745181,0.5270921844644052,0.4275826582493511,0.4208819192754399,0.369087863157462,3999.0
ACA,FF,Subprime,multi_other,2024-02-01,9091,0.1015616656027298,0.4168120389914149,0.3263418849233702,0.3903010450427295,0.3315589403809439,3999.0
ACA,FF,Subprime,solo_offer,2024-02-01,9091,0.0480063408690549,0.6015012770706195,0.4123262453818747,0.4724388387800938,0.417906470741106,3999.0
ACA,FF,Super_Prime,multi_best,2024-02-01,9091,0.1370043954078492,0.9329931677891712,0.7122099897182519,0.6683077332794333,0.6926376870198717,3999.0
ACA,FF,Super_Prime,multi_other,2024-02-01,9091,0.0576269331551047,0.7980413709622277,0.6416997583531261,0.5876166014701503,0.6004314028282421,3999.0
ACA,FF,Super_Prime,solo_offer,2024-02-01,9091,0.0053526289308287,0.8953804632027416,0.7640598587132875,0.7682510513223185,0.7304784681081602,3999.0
ACA,NON_FF,Deep_Subprime,multi_best,2023-01-01,4553,0.0029798786973473,0.3031459146398824,0.2265437822629278,0.2963345609034266,0.2991503476196773,2906.0
ACA,NON_FF,Deep_Subprime,multi_other,2023-01-01,4550,0.0068488625604326,0.2500292925436608,0.2356887205411344,0.2792929076466006,0.2450654377516157,2906.0
ACA,NON_FF,Deep_Subprime,solo_offer,2023-01-01,4407,0.0364646452526326,0.3245630762974105,0.2845475211629516,0.352712984319022,0.3169741743699205,2906.0
ACA,NON_FF,Near_Prime,multi_best,2023-01-01,4401,0.0716965461925914,0.6123374247560782,0.572008242627115,0.4616378151543139,0.4883276411619204,2906.0
ACA,NON_FF,Near_Prime,multi_other,2023-01-01,4546,0.0008000633477119,0.5747528468208418,0.4304929503301279,0.4889336128779979,0.422318429703975,2906.0
ACA,NON_FF,Near_Prime,solo_offer,2023-01-01,4348,0.105987138074857,0.7371038473340219,0.5150154916298427,0.5141991683403048,0.4791185069033915,2906.0
ACA,NON_FF,New_To_Credit,multi_best,2023-01-01,4439,0.0116647448552273,0.3848619739060893,0.3061643701904265,0.3605769094328491,0.3452417333745693,2906.0
ACA,NON_FF,New_To_Credit,multi_other,2023-01-01,4392,0.0730772838503423,0.3438658447324162,0.2940340812760645,0.3300617458510239,0.3027173736757385,2906.0
ACA,NON_FF,New_To_Credit,solo_offer,2023-01-01,4380,0.0413174429069553,0.4726524691724617,0.3500775839901767,0.4176954206064572,0.3825166412222076,2906.0
ACA,NON_FF,Prime,multi_best,2023-01-01,4420,0.0597101982879598,0.8413080990369891,0.5710264933361833,0.6419778523050744,0.5445049946576623,2906.0
ACA,NON_FF,Prime,multi_other,2023-01-01,4373,0.0838538672125199,0.7799269610818321,0.57906331925716,0.5418936649712729,0.4912751786237828,2906.0
ACA,NON_FF,Prime,solo_offer,2023-01-01,4442,0.0128362615366335,0.9730798528964264,0.7383450171288871,0.7036168643723247,0.574759259406629,2906.0
ACA,NON_FF,Subprime,multi_best,2023-01-01,4444,0.0592093036661294,0.548696031052302,0.4258044383663351,0.404242048678696,0.3336372589591319,2906.0
ACA,NON_FF,Subprime,multi_other,2023-01-01,4488,0.0078519096611315,0.4637544472124655,0.3286465546198764,0.3270270830494234,0.3153016998465615,2906.0
ACA,NON_FF,Subprime,solo_offer,2023-01-01,4397,0.0335562848815768,0.5529564683578237,0.4366157302820518,0.4578018167645655,0.3759705875645339,2906.0
ACA,NON_FF,Super_Prime,multi_best,2023-01-01,4526,0.0234222869236141,0.8106418971083694,0.7616966177934276,0.7374215342842706,0.5564586098439228,2906.0
ACA,NON_FF,Super_Prime,multi_other,2023-01-01,4321,0.3591815695021553,0.8575951247392625,0.5900131732294172,0.6265192880798818,0.603155095614896,2906.0
ACA,NON_FF,Super_Prime,solo_offer,2023-01-01,4516,0.0095417125901814,0.9802942941247188,0.818724186254189,0.7368265860717021,0.6540262354401543,2906.0
ACA,NON_FF,Deep_Subprime,multi_best,2023-02-01,4145,0.0462328193012582,0.2821186395719114,0.2427792248568276,0.2829016389356062,0.2726781127675857,2464.0
ACA,NON_FF,Deep_Subprime,multi_other,2023-02-01,4259,0.0088387469005191,0.2965722441882056,0.1961694577034378,0.2748281538844537,0.2430364538789169,2464.0
ACA,NON_FF,Deep_Subprime,solo_offer,2023-02-01,4211,0.0222938212868938,0.3272275078112946,0.2669120189695361,0.3081846235704249,0.2659043427507673,2464.0
ACA,NON_FF,Near_Prime,multi_best,2023-02-01,4275,0.034208355230786,0.6207263943096064,0.4843992393274979,0.5140687144084032,0.495020292337763,2464.0
ACA,NON_FF,Near_Prime,multi_other,2023-02-01,4288,0.0140519991741896,0.5179700691323157,0.4314546355664349,0.4381230037571033,0.4529171754462392,2464.0
ACA,NON_FF,Near_Prime,solo_offer,2023-02-01,4310,0.0949349342727492,0.7196337748293932,0.619256500092695,0.5249994886255694,0.4444655281098648,2464.0
ACA,NON_FF,New_To_Credit,multi_best,2023-02-01,4232,0.1807424017975576,0.4434247149154614,0.325793662585865,0.351785115464141,0.3226066515601088,2464.0
ACA,NON_FF,New_To_Credit,multi_other,2023-02-01,4250,0.0156061300398752,0.3796065427379467,0.2951063560999796,0.2853590176615274,0.3171118055491905,2464.0
ACA,NON_FF,New_To_Credit,solo_offer,2023-02-01,4132,0.0251155907171737,0.4777666738918049,0.3333150757817861,0.3972150405925677,0.3602160693719095,2464.0
ACA,NON_FF,Prime,multi_best,2023-02-01,4243,0.171309787880063,0.7493991811577637,0.579708686949878,0.5472295530416005,0.5505390823218836,2464.0
ACA,NON_FF,Prime,multi_other,2023-02-01,4241,0.0095010543559907,0.7217161454248798,0.5886128663674516,0.5656736659689734,0.53102362318761,2464.0
ACA,NON_FF,Prime,solo_offer,2023-02-01,4337,0.0131760859218455,0.878378590055274,0.6872782005929557,0.6735083889266709,0.617073169992048,2464.0
ACA,NON_FF,Subprime,multi_best,2023-02-01,4332,0.0306690626613396,0.5332961609882317,0.4369169128536016,0.3500944964951001,0.3841047676037675,2464.0
ACA,NON_FF,Subprime,multi_other,2023-02-01,4202,0.035625850975375,0.450825821906923,0.3903596003928251,0.3597800952045947,0.3176273876569124,2464.0
ACA,NON_FF,Subprime,solo_offer,2023-02-01,4310,0.1016980290240887,0.525029105034081,0.4410489940840852,0.3899638468820922,0.3623875499065122,2464.0
ACA,NON_FF,Super_Prime,multi_best,2023-02-01,4313,0.1213493045536942,0.9845021068163112,0.698294522158533,0.6469563174882119,0.5610939747981807,2464.0
ACA,NON_FF,Super_Prime,multi_other,2023-02-01,4326,0.0101090468023567,0.7618638749389945,0.6695577082434577,0.6139916563088398,0.6144751493453678,2464.0
ACA,NON_FF,Super_Prime,solo_offer,2023-02-01,4313,0.0645369791042437,0.9687642352483498,0.7432872763668797,0.8202790471497322,0.6284384462919691,2464.0
ACA,NON_FF,Deep_Subprime,multi_best,2024-01-01,4800,0.0028604091868674,0.2955296000668845,0.2326048796422542,0.2922623257790762,0.2963330764417471,3226.0
ACA,NON_FF,Deep_Subprime,multi_other,2024-01-01,4800,0.006932518400695,0.245165896336274,0.2318557606324897,0.2742484720629093,0.2400167093726141,3226.0
ACA,NON_FF,Deep_Subprime,solo_offer,2024-01-01,4800,0.0365736155765466,0.3275331151447949,0.2834447882855625,0.3449931586045764,0.3114167673592789,3226.0
ACA,NON_FF,Near_Prime,multi_best,2024-01-01,4800,0.0694781313328891,0.6057408084147146,0.558665490925589,0.4719213987358044,0.4928278730237219,3226.0
ACA,NON_FF,Near_Prime,multi_other,2024-01-01,4800,0.0008317643527568,0.5659168076372196,0.4382462369084622,0.4760728656428232,0.417855329815571,3226.0
ACA,NON_FF,Near_Prime,solo_offer,2024-01-01,4800,0.1026881437666148,0.7481173016110125,0.5241384699442995,0.501638729238962,0.4699632201670045,3226.0
ACA,NON_FF,New_To_Credit,multi_best,2024-01-01,4800,0.0120618133539372,0.3937376741498765,0.3057169790230434,0.3564645230015353,0.3409788907738515,3226.0
ACA,NON_FF,New_To_Credit,multi_other,2024-01-01,4800,0.0710101205226472,0.339167677608408,0.2950828752132567,0.3232882938658288,0.2967175083709464,3226.0
ACA,NON_FF,New_To_Credit,solo_offer,2024-01-01,4800,0.0428390612486239,0.4598226741165321,0.3510614934762992,0.4137535893322878,0.3742686391759803,3226.0
ACA,NON_FF,Prime,multi_best,2024-01-01,4800,0.0585287405824254,0.8503720181994421,0.5862547003372386,0.6473779987272633,0.5451399766246036,3226.0
ACA,NON_FF,Prime,multi_other,2024-01-01,4800,0.0815544729752434,0.7656908788745993,0.5705070663765084,0.5555063910812248,0.4885663386429902,3226.0
ACA,NON_FF,Prime,solo_offer,2024-01-01,4800,0.0130224649319531,0.9452905657793113,0.734143440044246,0.6998281069652126,0.5749266828740854,3226.0
ACA,NON_FF,Subprime,multi_best,2024-01-01,4800,0.0617720663111296,0.5496333916056743,0.4379834529717427,0.412026054907755,0.3383670564668984,3226.0
ACA,NON_FF,Subprime,multi_other,2024-01-01,4800,0.0077907405887082,0.4662205418188163,0.3291982854465007,0.3262069801588181,0.3082978511755267,3226.0
ACA,NON_FF,Subprime,solo_offer,2024-01-01,4800,0.0334784556273703,0.5498015288098453,0.4448719924825116,0.4592897564879593,0.3744936155134389,3226.0
ACA,NON_FF,Super_Prime,multi_best,2024-01-01,4800,0.0234759525411068,0.8288222112601921,0.739645955934284,0.7289066017081661,0.5709798542480309,3226.0
ACA,NON_FF,Super_Prime,multi_other,2024-01-01,4800,0.3657110597802375,0.8806663838914779,0.589935478361231,0.635203338247935,0.590707462905734,3226.0
ACA,NON_FF,Super_Prime,solo_offer,2024-01-01,4800,0.009390468920247,0.99,0.839612933138879,0.7238231376137008,0.6469130859011072,3226.0
ACA,NON_FF,Deep_Subprime,multi_best,2024-02-01,4686,0.0450989661320032,0.2884757964954714,0.249824676611359,0.2821112071273768,0.2793653513995456,2754.0
ACA,NON_FF,Deep_Subprime,multi_other,2024-02-01,4686,0.008959232647751,0.2953752504897926,0.1984565109221028,0.2793205143841569,0.2402662606582022,2754.0
ACA,NON_FF,Deep_Subprime,solo_offer,2024-02-01,4686,0.0223326884235855,0.3292638742969567,0.2728104327984343,0.3062169828139167,0.2690804312384371,2754.0
ACA,NON_FF,Near_Prime,multi_best,2024-02-01,4686,0.034010122234598,0.6200674494972087,0.4739370330332887,0.5031169528001033,0.4892945123065466,2754.0
ACA,NON_FF,Near_Prime,multi_other,2024-02-01,4686,0.0142497392119172,0.5311031942582157,0.4326294879513385,0.4456979125455092,0.4401438764197603,2754.0
ACA,NON_FF,Near_Prime,solo_offer,2024-02-01,4686,0.0966779740898898,0.7272056741087357,0.6141302344907169,0.5176425331040446,0.4565800423203751,2754.0
ACA,NON_FF,New_To_Credit,multi_best,2024-02-01,4686,0.1749705029869731,0.4355691375579218,0.3317278738105374,0.3498022334805899,0.3224243761326765,2754.0
ACA,NON_FF,New_To_Credit,multi_other,2024-02-01,4686,0.0149817476168394,0.3865611588824678,0.2920671214063967,0.2854143847609007,0.3079347910352457,2754.0
ACA,NON_FF,New_To_Credit,solo_offer,2024-02-01,4686,0.0248906917789969,0.4723965183852205,0.329271345177096,0.3998321983214147,0.3699313895726141,2754.0
ACA,NON_FF,Prime,multi_best,2024-02-01,4686,0.1783332262938042,0.7467267052641521,0.5974552596849048,0.5444005712320251,0.5655314176270893,2754.0
ACA,NON_FF,Prime,multi_other,2024-02-01,4686,0.0100172247111928,0.7435878519775402,0.5730774768863788,0.5771704084886734,0.5157111388667452,2754.0
ACA,NON_FF,Prime,solo_offer,2024-02-01,4686,0.0136081238943824,0.8678362041644779,0.6686189695803385,0.6754631382317321,0.6185651333659912,2754.0
ACA,NON_FF,Subprime,multi_best,2024-02-01,4686,0.0295703971674226,0.5486630122958848,0.4372094957148837,0.3603951984747528,0.3925304485504733,2754.0
ACA,NON_FF,Subprime,multi_other,2024-02-01,4686,0.0362885457023159,0.462520794403395,0.3864901172054416,0.3567412696056379,0.3250106226519355,2754.0
ACA,NON_FF,Subprime,solo_offer,2024-02-01,4686,0.1026597289099933,0.5297771715474426,0.4406366631645785,0.3996584115964345,0.3681487815161975,2754.0
ACA,NON_FF,Super_Prime,multi_best,2024-02-01,4686,0.1202837939265032,0.9845677881141384,0.7133456939592442,0.663047064868505,0.5762605901635816,2754.0
ACA,NON_FF,Super_Prime,multi_other,2024-02-01,4686,0.0099380227130449,0.7565007806241817,0.6505627037328601,0.6094624002303421,0.604295373691088,2754.0
ACA,NON_FF,Super_Prime,solo_offer,2024-02-01,4686,0.0631292715587855,0.99,0.7643101061731918,0.8121148613557365,0.6418390893755633,2754.0
ALY,FF,Deep_Subprime,multi_best,2023-01-01,10910,0.1193157135856068,0.3096037538765966,0.2237234408382672,0.3175760489212754,0.279482828869713,6802.0
ALY,FF,Deep_Subprime,multi_other,2023-01-01,11381,0.0229233086409112,0.2468367155891688,0.1934377759984603,0.297203764995678,0.236603525345845,6802.0
ALY,FF,Deep_Subprime,solo_offer,2023-01-01,11128,0.0016926530078267,0.3497236086944787,0.26768134591658,0.3059361450703814,0.2766612015293862,6802.0
ALY,FF,Near_Prime,multi_best,2023-01-01,11345,0.0070640321441971,0.7190616951493967,0.5751601930134829,0.5025286097654906,0.4626672526658397,6802.0
ALY,FF,Near_Prime,multi_other,2023-01-01,10955,0.0758781466375917,0.5680089896171732,0.4360878409857588,0.4283068259811318,0.4300114718040028,6802.0
ALY,FF,Near_Prime,solo_offer,2023-01-01,10820,0.0012581761442919,0.6569006883281154,0.6090440058775105,0.5146608654577068,0.4878385311157488,6802.0
ALY,FF,New_To_Credit,multi_best,2023-01-01,11363,0.0827552620866522,0.4085871587176822,0.3051053994668519,0.3168883715474347,0.3399142230394031,6802.0
ALY,FF,New_To_Credit,multi_other,2023-01-01,11336,0.0686369207293729,0.3587952822456484,0.2818872114151597,0.3497649268208155,0.2690488568686602,6802.0
ALY,FF,New_To_Credit,solo_offer,2023-01-01,11265,0.0083780804053275,0.4349807167159343,0.3817959173525132,0.4178306822679101,0.3830883743772456,6802.0
ALY,FF,Prime,multi_best,2023-01-01,10873,0.004949829177358,0.8185860469416452,0.5768858685853304,0.6452498910388988,0.5525710561921499,6802.0
ALY,FF,Prime,multi_other,2023-01-01,11097,0.0071877757897961,0.7567416522856558,0.5489970120242286,0.5964454859897035,0.4615799633193927,6802.0
ALY,FF,Prime,solo_offer,2023-01-01,11064,0.0152945857964207,0.9799498153180588,0.767528696767265,0.6538689575692072,0.6060026559191803,6802.0
ALY,FF,Subprime,multi_best,2023-01-01,10987,0.0254561891420947,0.4955605299111932,0.3703463210365633,0.406150855802649,0.3664198005887419,6802.0
ALY,FF,Subprime,multi_other,2023-01-01,11112,0.1234183942704767,0.4844430943301631,0.3571613638248209,0.3278026852988822,0.2981709179061755,6802.0
ALY,FF,Subprime,solo_offer,2023-01-01,11197,0.0049295686159067,0.5676855972450823,0.4676116413087776,0.4621263037218162,0.3701422001362577,6802.0
ALY,FF,Super_Prime,multi_best,2023-01-01,10858,0.2309062124490579,0.8208111119782067,0.7576064970953863,0.7218508945708004,0.6966129224665403,6802.0
ALY,FF,Super_Prime,multi_other,2023-01-01,11210,0.164544278178398,0.8136826834779823,0.6463360906259958,0.6521205938681042,0.5401516538057876,6802.0
ALY,FF,Super_Prime,solo_offer,2023-01-01,10982,0.0354108731987123,0.99759728313576,0.835209367069422,0.802421273479159,0.6781393230727261,6802.0
ALY,FF,Deep_Subprime,multi_best,2023-02-01,11470,0.1693104381378258,0.2864775199595027,0.2280992655972294,0.2725409537645189,0.2948304310486808,4553.0
ALY,FF,Deep_Subprime,multi_other,2023-02-01,11285,0.0006120449636411,0.2786705852333838,0.2353915654830718,0.2921442855033614,0.2519912820332953,4553.0
ALY,FF,Deep_Subprime,solo_offer,2023-02-01,11638,0.012888968257367,0.3666085534481614,0.2861714037133226,0.3499738371028268,0.2980607001713005,4553.0
ALY,FF,Near_Prime,multi_best,2023-02-01,11421,0.0461906590540673,0.6391765390485448,0.5370720197366687,0.5030980663773068,0.4205375986910573,4553.0
ALY,FF,Near_Prime,multi_other,2023-02-01,11405,0.1576273273357504,0.651063821216637,0.4909462957052195,0.4853197426996748,0.4130400732574275,4553.0
ALY,FF,Near_Prime,solo_offer,2023-02-01,11586,0.0691010270008436,0.7615018211629259,0.6115126346895016,0.5733241146118672,0.489627147290858,4553.0
ALY,FF,New_To_Credit,multi_best,2023-02-01,11528,0.0022368926224267,0.395773663366545,0.3049346476356668,0.3755361333558323,0.319745664216949,4553.0
ALY,FF,New_To_Credit,multi_other,2023-02-01,11636,0.1159743013558822,0.3459860935883826,0.2896701481632623,0.3141849035250891,0.2697131423508917,4553.0
ALY,FF,New_To_Credit,solo_offer,2023-02-01,11291,0.1783443444666797,0.4587636841086165,0.3803455678144565,0.4087902200956746,0.3237531978822396,4553.0
ALY,FF,Prime,multi_best,2023-02-01,11234,0.0059988287072636,0.7855730740182284,0.6435621949857719,0.5842183314241031,0.4964531051812798,4553.0
ALY,FF,Prime,multi_other,2023-02-01,11487,0.0547291656242345,0.7199581960368688,0.5651521800818091,0.5365237519912418,0.450028433481468,4553.0
ALY,FF,Prime,solo_offer,2023-02-01,11624,0.0066584690366164,0.8039427379435256,0.6792312079822334,0.7166736241676848,0.6579461247975766,4553.0
ALY,FF,Subprime,multi_best,2023-02-01,11130,0.0177107163544533,0.4613302000106039,0.3701106531890403,0.3876867810341687,0.3882366339804837,4553.0
ALY,FF,Subprime,multi_other,2023-02-01,11636,0.1022738690642383,0.4828938293383889,0.3393937975575009,0.3710789888715872,0.3133891070115683,4553.0
ALY,FF,Subprime,solo_offer,2023-02-01,11224,0.0237473718410389,0.5782996147446242,0.431834768052739,0.4742495815170398,0.4237267419706091,4553.0
ALY,FF,Super_Prime,multi_best,2023-02-01,11143,0.033265886644411,0.996770862639984,0.7448667657975561,0.7294168754491976,0.6373867875704669,4553.0
ALY,FF,Super_Prime,multi_other,2023-02-01,11653,0.0027714604309845,0.7818000625549465,0.6834624286870247,0.6520707904729764,0.6147806939229906,4553.0
ALY,FF,Super_Prime,solo_offer,2023-02-01,11286,0.0005582291022749,0.9781772358766408,0.8559095661601189,0.7173748193055318,0.6990018704326819,4553.0
ALY,FF,Deep_Subprime,multi_best,2024-01-01,12000,0.1167536994949429,0.3120581478875472,0.2194926243054813,0.3193116035574214,0.2811370802664508,7407.0
ALY,FF,Deep_Subprime,multi_other,2024-01-01,12000,0.0229471769452602,0.2473928341546626,0.1980649892484803,0.2962785372390635,0.2368895606737474,7407.0
ALY,FF,Deep_Subprime,solo_offer,2024-01-01,12000,0.0016320272760104,0.3472597016933532,0.2702419137430986,0.3036740966241041,0.2722959442832309,7407.0
ALY,FF,Near_Prime,multi_best,2024-01-01,12000,0.0068758339945252,0.7085080557166047,0.5668631432815059,0.5073437888123287,0.461865349095282,7407.0
ALY,FF,Near_Prime,multi_other,2024-01-01,12000,0.0796277604576417,0.5789681260714635,0.4486445282309389,0.4345798090832924,0.4189739949422402,7407.0
ALY,FF,Near_Prime,solo_offer,2024-01-01,12000,0.0012745910101224,0.6450497841616827,0.6183756981023639,0.5050415344464747,0.4771120501214511,7407.0
ALY,FF,New_To_Credit,multi_best,2024-01-01,12000,0.0826968152231143,0.4202702548207154,0.3120806134739787,0.3208450501689068,0.3324602557034286,7407.0
ALY,FF,New_To_Credit,multi_other,2024-01-01,12000,0.0687132237141215,0.364205105980978,0.2836351877326259,0.3406003262609683,0.2614548972467588,7407.0
ALY,FF,New_To_Credit,solo_offer,2024-01-01,12000,0.0087156579522104,0.4286165089418864,0.3740210895349282,0.4194381404585571,0.380179873722925,7407.0
ALY,FF,Prime,multi_best,2024-01-01,12000,0.0049822434416549,0.8407268598535492,0.5891998552109995,0.648306348801548,0.5405672562243686,7407.0
ALY,FF,Prime,multi_other,2024-01-01,12000,0.0073624080134068,0.767009875119515,0.5552697140387267,0.5827165086775897,0.4752304031729607,7407.0
ALY,FF,Prime,solo_offer,2024-01-01,12000,0.0151022462801897,0.9558132893062276,0.7544645154594963,0.6506272116135026,0.6238034828536301,7407.0
ALY,FF,Subprime,multi_best,2024-01-01,12000,0.0266256816105709,0.4994420304702581,0.3646047008013315,0.4039623105858989,0.3557901960988832,7407.0
ALY,FF,Subprime,multi_other,2024-01-01,12000,0.1291597620153161,0.484893376448247,0.3492658809037497,0.3324288251827877,0.3008658609970238,7407.0
ALY,FF,Subprime,solo_offer,2024-01-01,12000,0.005118468986257,0.5777611982381449,0.4656589558478748,0.4654863965659208,0.3636235233614563,7407.0
ALY,FF,Super_Prime,multi_best,2024-01-01,12000,0.2251924161876519,0.8419391178803501,0.7560885242362837,0.742956863497417,0.6918036478920848,7407.0
ALY,FF,Super_Prime,multi_other,2024-01-01,12000,0.1634020519578061,0.7958440636596512,0.6314135439187449,0.6648280330534917,0.5489471214646923,7407.0
ALY,FF,Super_Prime,solo_offer,2024-01-01,12000,0.0338179354391968,0.99,0.8292352533385358,0.8167360632792668,0.6627899917583832,7407.0
ALY,FF,Deep_Subprime,multi_best,2024-02-01,12582,0.1677435534487402,0.2948891701402599,0.2291235394526739,0.2733825297990556,0.2896950083177729,5072.0
ALY,FF,Deep_Subprime,multi_other,2024-02-01,12582,0.0006210739495378,0.2868966544930242,0.2375878034859608,0.2968183892019909,0.2456939808922877,5072.0
ALY,FF,Deep_Subprime,solo_offer,2024-02-01,12582,0.0128533317962271,0.3610143502557638,0.2820638791415654,0.3523296945109351,0.2951403736918213,5072.0
ALY,FF,Near_Prime,multi_best,2024-02-01,12582,0.0444669324250664,0.6252385901172227,0.5526346820495227,0.5184731172553879,0.4196355245410402,5072.0
ALY,FF,Near_Prime,multi_other,2024-02-01,12582,0.1663138987468671,0.6330784805857798,0.4981894859376086,0.4904819921962731,0.4232832801794572,5072.0
ALY,FF,Near_Prime,solo_offer,2024-02-01,12582,0.0696088323495305,0.782838457496262,0.6276225091684667,0.5717977885421721,0.498573540268068,5072.0
ALY,FF,New_To_Credit,multi_best,2024-02-01,12582,0.0022406807911879,0.3960435308248075,0.2962662025696957,0.3817835719081106,0.3216890019704055,5072.0
ALY,FF,New_To_Credit,multi_other,2024-02-01,12582,0.1126318709397149,0.3404622819962494,0.2978899594217774,0.3224420791488475,0.2754578261124621,5072.0
ALY,FF,New_To_Credit,solo_offer,2024-02-01,12582,0.1778835658664184,0.463670892535885,0.383311507383723,0.4119228490821607,0.3289912234508036,5072.0
ALY,FF,Prime,multi_best,2024-02-01,12582,0.0063497333399637,0.7929050804457142,0.6553769725185968,0.573285741957736,0.5063170852501663,5072.0
ALY,FF,Prime,multi_other,2024-02-01,12582,0.0532030742849522,0.7147725703113575,0.5591061766686015,0.5490348600798943,0.4449558067129966,5072.0
ALY,FF,Prime,solo_offer,2024-02-01,12582,0.0064241246110774,0.7999985629400967,0.6731596170945863,0.7194543158981058,0.640363337526241,5072.0
ALY,FF,Subprime,multi_best,2024-02-01,12582,0.0170883293244845,0.454521867010619,0.3621093579597802,0.390117069350244,0.382359839816292,5072.0
ALY,FF,Subprime,multi_other,2024-02-01,12582,0.1030727689961255,0.4938548516383451,0.334830016159454,0.3667774115053538,0.3162817275096902,5072.0
ALY,FF,Subprime,solo_offer,2024-02-01,12582,0.0238596568569969,0.562475671552937,0.4328053871935745,0.4780801065351532,0.4249922600484324,5072.0
ALY,FF,Super_Prime,multi_best,2024-02-01,12582,0.0321155133506142,0.984474456411438,0.7233260895605016,0.7181158093389368,0.6546643348120618,5072.0
ALY,FF,Super_Prime,multi_other,2024-02-01,12582,0.0029431406377394,0.8026356524923793,0.6645315271788947,0.6406236033023107,0.6124913183896783,5072.0
ALY,FF,Super_Prime,solo_offer,2024-02-01,12582,0.0005799182847551,0.99,0.8700856237052974,0.7043646709692515,0.7004642038180232,5072.0
ALY,NON_FF,Deep_Subprime,multi_best,2023-01-01,6768,0.0840521109183351,0.2836461723353731,0.2531824866930026,0.3212236645222033,0.2518678866401522,4211.0
ALY,NON_FF,Deep_Subprime,multi_other,2023-01-01,6506,0.0155269074111457,0.2485030831111766,0.209924746087085,0.2769872659246061,0.2470207766640003,4211.0
ALY,NON_FF,Deep_Subprime,solo_offer,2023-01-01,6530,0.0630770222222975,0.297160676336109,0.2851445713276324,0.3500357598053664,0.2788562908135242,4211.0
ALY,NON_FF,Near_Prime,multi_best,2023-01-01,6577,0.1442215561009144,0.6202031092428834,0.562704781261656,0.4831448479715036,0.4591431405731715,4211.0
ALY,NON_FF,Near_Prime,multi_other,2023-01-01,6778,0.0351730053766742,0.5390926754796953,0.4326576869897322,0.4030059845813789,0.3735617626987,4211.0
ALY,NON_FF,Near_Prime,solo_offer,2023-01-01,6619,0.0553171096670356,0.6665239487324879,0.536857323460359,0.562958733087919,0.4594631171038792,4211.0
ALY,NON_FF,New_To_Credit,multi_best,2023-01-01,6758,0.0010410475830984,0.3823299582706356,0.3267147242716044,0.3702247743579325,0.310398240854535,4211.0
ALY,NON_FF,New_To_Credit,multi_other,2023-01-01,6551,0.0296015086572892,0.3662056279432709,0.2667460925638884,0.3074288486161198,0.2930531682130273,4211.0
ALY,NON_FF,New_To_Credit,solo_offer,2023-01-01,6835,0.0100637437380563,0.438504022510302,0.3587382840574329,0.4046780774371318,0.3177809276436272,4211.0
ALY,NON_FF,Prime,multi_best,2023-01-01,6496,0.1318689510244996,0.856139194371994,0.6474920444946993,0.593167595081394,0.5457178609486477,4211.0
ALY,NON_FF,Prime,multi_other,2023-01-01,6597,0.0521496532940437,0.6804272500470677,0.5316037245779116,0.5089132105275334,0.4393324545222252,4211.0
ALY,NON_FF,Prime,solo_offer,2023-01-01,6550,0.0505546214863073,0.9569196777652142,0.712263120187628,0.6276146002467191,0.5975435580186353,4211.0
ALY,NON_FF,Subprime,multi_best,2023-01-01,6581,0.0020191775558095,0.4817929531298828,0.3693138619455761,0.3922581044765181,0.3503484964979948,4211.0
ALY,NON_FF,Subprime,multi_other,2023-01-01,6675,0.0925337113360052,0.4621487459307854,0.3348401195042135,0.3760147618457681,0.3226756644645947,4211.0
ALY,NON_FF,Subprime,solo_offer,2023-01-01,6608,0.0101418257114803,0.5217746397901281,0.4077664445278918,0.4048145512695129,0.3601051166769158,4211.0
ALY,NON_FF,Super_Prime,multi_best,2023-01-01,6811,0.0496653928068423,0.8933794721475513,0.7068486051047714,0.7237386781176576,0.6139202925449834,4211.0
ALY,NON_FF,Super_Prime,multi_other,2023-01-01,6511,0.0996905091763137,0.830359426542582,0.6836727316726893,0.7018198807644896,0.5244915443317791,4211.0
ALY,NON_FF,Super_Prime,solo_offer,2023-01-01,6695,0.0733021459338513,1.0,0.7887544685970014,0.7723974322528414,0.7610728661773771,4211.0
ALY,NON_FF,Deep_Subprime,multi_best,2023-02-01,6575,0.0661301238838203,0.2813973891901729,0.2506753680257604,0.3162499969822227,0.2719141668373779,2898.0
ALY,NON_FF,Deep_Subprime,multi_other,2023-02-01,6560,0.0738041341429546,0.2757275824449043,0.2151594039894248,0.2635341113533139,0.2601245945189875,2898.0
ALY,NON_FF,Deep_Subprime,solo_offer,2023-02-01,6523,0.007798129920292,0.3039749147785179,0.2920085589490358,0.3198063671190281,0.3066286590561573,2898.0
ALY,NON_FF,Near_Prime,multi_best,2023-02-01,6329,0.175462657680897,0.7183038072923038,0.5234333073087851,0.5065277802254861,0.4367871297047304,2898.0
ALY,NON_FF,Near_Prime,multi_other,2023-02-01,6362,0.0734513563119442,0.6236953351661405,0.43283285846314,0.4217751184802992,0.3900486979616501,2898.0
ALY,NON_FF,Near_Prime,solo_offer,2023-02-01,6544,0.010211556748105,0.7449956639566606,0.5573903030627155,0.5143858851769381,0.4990810836165524,2898.0
ALY,NON_FF,New_To_Credit,multi_best,2023-02-01,6582,0.0453803150948547,0.4333009018784405,0.3034785717655097,0.3256575811875359,0.3220212115512519,2898.0
ALY,NON_FF,New_To_Credit,multi_other,2023-02-01,6411,0.0115251527912148,0.37508688984586,0.3152406342602636,0.2961311763093462,0.3081132330210663,2898.0
ALY,NON_FF,New_To_Credit,solo_offer,2023-02-01,6406,0.112425292371001,0.4592732982931899,0.3762329021252872,0.3617299192691314,0.3594570903122178,2898.0
ALY,NON_FF,Prime,multi_best,2023-02-01,6384,0.0193634153547066,0.7295915731564907,0.6426230356776268,0.5849974626690774,0.5928414398167249,2898.0
ALY,NON_FF,Prime,multi_other,2023-02-01,6649,0.0328735516615039,0.6621964712743035,0.5768748270596582,0.6035801391900214,0.5253944911932596,2898.0
ALY,NON_FF,Prime,solo_offer,2023-02-01,6356,0.0330683945789198,0.849438561207902,0.6828473244380725,0.6155341152824624,0.6542931184482682,2898.0
ALY,NON_FF,Subprime,multi_best,2023-02-01,6328,0.1285197297851975,0.4668641180165682,0.4165565763995429,0.3696724746056981,0.3647109158564747,2898.0
ALY,NON_FF,Subprime,multi_other,2023-02-01,6384,0.0541102009624165,0.4578382948827451,0.3220417913278914,0.3461214980122367,0.3040713591664718,2898.0
ALY,NON_FF,Subprime,solo_offer,2023-02-01,6564,0.0916956186015282,0.5416085135540057,0.4196445016052832,0.4022374314177572,0.4126798770671201,2898.0
ALY,NON_FF,Super_Prime,multi_best,2023-02-01,6606,0.0379312572444004,0.8712602324048193,0.7937876849073449,0.7220228707476726,0.6121829469743675,2898.0
ALY,NON_FF,Super_Prime,multi_other,2023-02-01,6557,0.0017347876168511,0.7353632340057933,0.6007896114686135,0.6022779205276523,0.5297883593166721,2898.0
ALY,NON_FF,Super_Prime,solo_offer,2023-02-01,6645,0.0245143252493917,0.9576045361424512,0.787275966891659,0.7973900573635867,0.7235772090843039,2898.0
ALY,NON_FF,Deep_Subprime,multi_best,2024-01-01,7200,0.082231009081239,0.2866126588888322,0.2546976614300669,0.3148955814230195,0.2529641350452444,4586.0
ALY,NON_FF,Deep_Subprime,multi_other,2024-01-01,7200,0.0161725920031001,0.2543048634601824,0.2104043948405877,0.2691642412003152,0.2487471818963724,4586.0
ALY,NON_FF,Deep_Subprime,solo_offer,2024-01-01,7200,0.0653976270234206,0.3023960961086255,0.2837249513528379,0.3577775784350996,0.270928030815379,4586.0
ALY,NON_FF,Near_Prime,multi_best,2024-01-01,7200,0.1413275456244933,0.6299367468321022,0.5612659946302253,0.4973961640262873,0.4650801964668924,4586.0
ALY,NON_FF,Near_Prime,multi_other,2024-01-01,7200,0.0348900706135613,0.5466614249305908,0.4391982521604916,0.4086781754639831,0.3781837401088453,4586.0
ALY,NON_FF,Near_Prime,solo_offer,2024-01-01,7200,0.0555863256730486,0.6652220851722581,0.5306818285510926,0.5654962219283536,0.4635061283555154,4586.0
ALY,NON_FF,New_To_Credit,multi_best,2024-01-01,7200,0.0009894390770293,0.3801949555475217,0.3336543734966114,0.377664478638104,0.3157356788532869,4586.0
ALY,NON_FF,New_To_Credit,multi_other,2024-01-01,7200,0.0291525739696037,0.3623121709391028,0.2653731078531712,0.3116869791098776,0.2853493990079999,4586.0
ALY,NON_FF,New_To_Credit,solo_offer,2024-01-01,7200,0.0099009945986222,0.42846440028214,0.3493624440157737,0.4040552622362993,0.3143921459603184,4586.0
ALY,NON_FF,Prime,multi_best,2024-01-01,7200,0.1291050826637669,0.8768052120456764,0.6390551160310874,0.579450193234501,0.5544072922662064,4586.0
ALY,NON_FF,Prime,multi_other,2024-01-01,7200,0.0542113490957413,0.6825809691040599,0.5271394553981182,0.4999190099663501,0.4498460555466955,4586.0
ALY,NON_FF,Prime,solo_offer,2024-01-01,7200,0.0495891920634277,0.9550794220284232,0.7028899740655992,0.6280882592554625,0.5891453278411055,4586.0
ALY,NON_FF,Subprime,multi_best,2024-01-01,7200,0.0019722647005957,0.4960778768032726,0.3765066974724634,0.3891415888838461,0.3602460435015497,4586.0
ALY,NON_FF,Subprime,multi_other,2024-01-01,7200,0.0950209795958882,0.4671355345766429,0.3268304740685592,0.3815575487214512,0.3322879452390109,4586.0
ALY,NON_FF,Subprime,solo_offer,2024-01-01,7200,0.0097169980140919,0.5256449372935156,0.4115769226163537,0.4038058229706209,0.3659543609911676,4586.0
ALY,NON_FF,Super_Prime,multi_best,2024-01-01,7200,0.0496094896448036,0.8726859840641942,0.7220144864390129,0.7397114217837599,0.6169643905724801,4586.0
ALY,NON_FF,Super_Prime,multi_other,2024-01-01,7200,0.0999338855564977,0.8297780454369156,0.6949623366535784,0.6866395985808629,0.5269781327373529,4586.0
ALY,NON_FF,Super_Prime,solo_offer,2024-01-01,7200,0.0751925810010682,0.99,0.7749314567437977,0.7603711379916543,0.7490163950568337,4586.0
ALY,NON_FF,Deep_Subprime,multi_best,2024-02-01,7189,0.0627812912534827,0.2852784392858258,0.2487121306667486,0.3156136715933812,0.2751644919928236,3227.0
ALY,NON_FF,Deep_Subprime,multi_other,2024-02-01,7189,0.0720457363221788,0.2684651141817086,0.212191527491162,0.2618388863933217,0.2638751164104444,3227.0
ALY,NON_FF,Deep_Subprime,solo_offer,2024-02-01,7189,0.0074115836740412,0.3011827480512027,0.2898699002701891,0.3182753537683317,0.3154065420837654,3227.0
ALY,NON_FF,Near_Prime,multi_best,2024-02-01,7189,0.1802995450516669,0.7058188785865862,0.5259033408734487,0.50716126894699,0.4301981184294255,3227.0
ALY,NON_FF,Near_Prime,multi_other,2024-02-01,7189,0.0733886224054232,0.6165306731834567,0.4387072948649842,0.434131131276382,0.3989603515279298,3227.0
ALY,NON_FF,Near_Prime,solo_offer,2024-02-01,7189,0.0103972598314451,0.7603413061457471,0.5443040834139412,0.5137976346129073,0.5116956787725188,3227.0
ALY,NON_FF,New_To_Credit,multi_best,2024-02-01,7189,0.0460541638775361,0.4350672365456831,0.2995989162346023,0.3196547387156744,0.3301906009052737,3227.0
ALY,NON_FF,New_To_Credit,multi_other,2024-02-01,7189,0.0111244278827619,0.3653620641489537,0.3076893375412766,0.2923056597274562,0.3002416565824558,3227.0
ALY,NON_FF,New_To_Credit,solo_offer,2024-02-01,7189,0.1115189552233743,0.4690945078853202,0.3847378945109226,0.356070886208387,0.3624991160316126,3227.0
ALY,NON_FF,Prime,multi_best,2024-02-01,7189,0.0193625046807358,0.7328373993058628,0.6431374578649928,0.5892476192387595,0.5920968906261296,3227.0
ALY,NON_FF,Prime,multi_other,2024-02-01,7189,0.0323377585557682,0.6641336019121996,0.5642329650100696,0.59070280679374,0.5215272926368949,3227.0
ALY,NON_FF,Prime,solo_offer,2024-02-01,7189,0.0316837098002672,0.8248357962330299,0.6737413997520939,0.6168853145789077,0.6411357324456194,3227.0
ALY,NON_FF,Subprime,multi_best,2024-02-01,7189,0.1268823654709603,0.4788630553240256,0.406499057713809,0.3723490172219362,0.3586420873335469,3227.0
ALY,NON_FF,Subprime,multi_other,2024-02-01,7189,0.0562426578405411,0.4529330489296427,0.3277312946512147,0.3482355080299623,0.3003100710656456,3227.0
ALY,NON_FF,Subprime,solo_offer,2024-02-01,7189,0.0926433105802925,0.5508371416552901,0.4173320564525271,0.4061056405770499,0.4047611073613774,3227.0
ALY,NON_FF,Super_Prime,multi_best,2024-02-01,7189,0.0386069152696473,0.8740974106616124,0.7900581958261893,0.7148084747099642,0.5968905757587353,3227.0
ALY,NON_FF,Super_Prime,multi_other,2024-02-01,7189,0.0016525796916893,0.7454887605645054,0.6030105444382896,0.5979906737764481,0.5285212677276337,3227.0
ALY,NON_FF,Super_Prime,solo_offer,2024-02-01,7189,0.0255666125881873,0.9471876293481476,0.770312235749544,0.7924712551650666,0.7028098730271113,3227.0
CAF1,FF,Deep_Subprime,multi_best,2023-01-01,13659,0.0116395525725943,0.2760347439103533,0.2165643563524746,0.3219688004071032,0.2777515301859625,8517.0
CAF1,FF,Deep_Subprime,multi_other,2023-01-01,13636,0.011762507402952,0.2762474030921114,0.2257900611427669,0.2399900188837162,0.2421339767118088,8517.0
CAF1,FF,Deep_Subprime,solo_offer,2023-01-01,14124,0.0131820982590515,0.3421351907803249,0.2439303412558829,0.3668271980121141,0.3168809214660961,8517.0
CAF1,FF,Near_Prime,multi_best,2023-01-01,14149,0.0532591304243782,0.6459033499470993,0.5341562713779053,0.4620412785156944,0.5048226474623754,8517.0
CAF1,FF,Near_Prime,multi_other,2023-01-01,13950,0.0731124326995193,0.6221305650546499,0.5000223448543444,0.489729465979789,0.4050158988689454,8517.0
CAF1,FF,Near_Prime,solo_offer,2023-01-01,13543,0.1119516310041477,0.7731902087041342,0.5326378590589294,0.5635607643246276,0.4822350564401543,8517.0
CAF1,FF,New_To_Credit,multi_best,2023-01-01,13728,0.0439860812302279,0.3581162257961656,0.3059158809924761,0.3323128562350935,0.3382474098096976,8517.0
CAF1,FF,New_To_Credit,multi_other,2023-01-01,13893,0.0342550993030422,0.3664788393065163,0.3161979679480218,0.3164802596598426,0.2615257479933779,8517.0
CAF1,FF,New_To_Credit,solo_offer,2023-01-01,13637,0.02126251086883,0.4096298467424653,0.3861074875071891,0.3879131376665982,0.3442433207336215,8517.0
CAF1,FF,Prime,multi_best,2023-01-01,13617,0.0101223249082416,0.8472611087237449,0.6177385781599253,0.5636969296398389,0.5748148208358967,8517.0
CAF1,FF,Prime,multi_other,2023-01-01,13616,0.0034114794383922,0.7318711499287637,0.5433793891662642,0.5539193045409114,0.4285629117613982,8517.0
CAF1,FF,Prime,solo_offer,2023-01-01,13948,0.0093538836914598,0.8100886813708661,0.6520582161609296,0.7055264442177926,0.6683161557087524,8517.0
CAF1,FF,Subprime,multi_best,2023-01-01,13515,0.2050636025632017,0.4702534357927289,0.3832159615638301,0.3708380952504556,0.3932337019471341,8517.0
CAF1,FF,Subprime,multi_other,2023-01-01,14227,0.0990076041253743,0.4273746253182679,0.3507243968042748,0.3555835924413823,0.2923224513824427,8517.0
CAF1,FF,Subprime,solo_offer,2023-01-01,14031,0.0011684313221779,0.587107440541474,0.3956386518476211,0.4109835748754803,0.3614495448860277,8517.0
CAF1,FF,Super_Prime,multi_best,2023-01-01,14213,0.0768252062794764,0.8983651730054618,0.7000243358764033,0.7425723956160435,0.5917831704403489,8517.0
CAF1,FF,Super_Prime,multi_other,2023-01-01,14048,0.0503076401992517,0.8119217400869038,0.6428107804168935,0.5610029575688174,0.5695071305591899,8517.0
CAF1,FF,Super_Prime,solo_offer,2023-01-01,13780,0.1703287837076806,0.9285748621076576,0.8310134148159656,0.7102278738112886,0.6542151492260623,8517.0
CAF1,FF,Deep_Subprime,multi_best,2023-02-01,15046,0.0230123928838082,0.3138880380409403,0.2462831032482094,0.276584215314849,0.280836018117475,8787.0
CAF1,FF,Deep_Subprime,multi_other,2023-02-01,14617,0.0425548480074123,0.2655098359782158,0.1973570632295141,0.2382928597237987,0.2412664755967837,8787.0
CAF1,FF,Deep_Subprime,solo_offer,2023-02-01,14973,0.1886504111632721,0.3063195791579771,0.2733906384488404,0.3283848546251161,0.3007280175922063,8787.0
CAF1,FF,Near_Prime,multi_best,2023-02-01,14618,0.0084031525510983,0.6144132268821662,0.5704753553798944,0.5573263511901125,0.4402658509056804,8787.0
CAF1,FF,Near_Prime,multi_other,2023-02-01,14541,0.0023512949124241,0.5961079498244896,0.4549988436189793,0.4421236483512349,0.3592942078807106,8787.0
CAF1,FF,Near_Prime,solo_offer,2023-02-01,15166,0.0020187331429224,0.7957012418558941,0.5369417684398143,0.5584475139205151,0.5210462956563048,8787.0
CAF1,FF,New_To_Credit,multi_best,2023-02-01,14723,0.0197112250778752,0.3994231193200957,0.3000137140049388,0.3674976922372732,0.302172543298188,8787.0
CAF1,FF,New_To_Credit,multi_other,2023-02-01,14940,0.0058973003442343,0.3864427933440396,0.2722066241685067,0.3082172393030239,0.2588117588007532,8787.0
CAF1,FF,New_To_Credit,solo_offer,2023-02-01,15019,0.1109619284699605,0.4558298133112515,0.3255001217693713,0.3959101574284242,0.3352930995936912,8787.0
CAF1,FF,Prime,multi_best,2023-02-01,14464,0.0543943579693887,0.8334531488734039,0.6668887237776759,0.5527804921912207,0.5388293758421631,8787.0
CAF1,FF,Prime,multi_other,2023-02-01,14650,0.0442304014549643,0.7242890237096439,0.5582244425208596,0.4892803808694745,0.4763552742604967,8787.0
CAF1,FF,Prime,solo_offer,2023-02-01,14834,0.0533511433893414,0.8608263582734078,0.6571366565270467,0.6219811545525377,0.5819800398254175,8787.0
CAF1,FF,Subprime,multi_best,2023-02-01,15230,0.0286270433263816,0.5354762621421691,0.3840354069245162,0.3715285997312833,0.3640760953991415,8787.0
CAF1,FF,Subprime,multi_other,2023-02-01,14620,0.053869685576175,0.5009218672241651,0.3476090841353677,0.3750268940221234,0.3425565261140333,8787.0
CAF1,FF,Subprime,solo_offer,2023-02-01,14823,0.0815031005409867,0.5495364090341974,0.450034586359307,0.4049339115067943,0.3694788712125615,8787.0
CAF1,FF,Super_Prime,multi_best,2023-02-01,14452,0.060766368573859,0.9339998175679906,0.7551385480056273,0.7244220243192985,0.5776267171084083,8787.0
CAF1,FF,Super_Prime,multi_other,2023-02-01,14921,0.1085150715028381,0.8798116530251755,0.6584449001158807,0.675662989673968,0.6190814867288466,8787.0
CAF1,FF,Super_Prime,solo_offer,2023-02-01,14655,0.1111815411130567,0.959607357615747,0.7236068481253815,0.8597491167428152,0.7572374735596851,8787.0
CAF1,FF,Deep_Subprime,multi_best,2024-01-01,15000,0.0115164534632002,0.2819229408920503,0.2162650616219329,0.3189276857072901,0.2811702965677713,9360.0
CAF1,FF,Deep_Subprime,multi_other,2024-01-01,15000,0.011627350908526,0.2823663870742133,0.2277188789768328,0.2469984111936409,0.2361214344072516,9360.0
CAF1,FF,Deep_Subprime,solo_offer,2024-01-01,15000,0.0136976718168054,0.3499450007297667,0.2415362739862919,0.3621345378156342,0.3131713392962215,9360.0
CAF1,FF,Near_Prime,multi_best,2024-01-01,15000,0.052743772116123,0.6526088427531155,0.5248578690517011,0.4684854455525527,0.4922626164988103,9360.0
CAF1,FF,Near_Prime,multi_other,2024-01-01,15000,0.070658289268498,0.6171905403332505,0.5091371009304081,0.4855344615384884,0.4129298982836979,9360.0
CAF1,FF,Near_Prime,solo_offer,2024-01-01,15000,0.1154193909329938,0.773532817497266,0.544404429895042,0.5678774512789381,0.4763593965328517,9360.0
CAF1,FF,New_To_Credit,multi_best,2024-01-01,15000,0.0426921138952715,0.3650846680228819,0.3079028685898024,0.3377628325418723,0.329465189235298,9360.0
CAF1,FF,New_To_Credit,multi_other,2024-01-01,15000,0.0324547245920953,0.3699041379375754,0.3103034539723965,0.3132495402852028,0.2619309937447017,9360.0
CAF1,FF,New_To_Credit,solo_offer,2024-01-01,15000,0.0208175079511951,0.4061964772382115,0.3775624811816419,0.394493955765722,0.3347812331222886,9360.0
CAF1,FF,Prime,multi_best,2024-01-01,15000,0.0097326970577987,0.8493435756986338,0.6149905624541916,0.5517206536807661,0.559897166863313,9360.0
CAF1,FF,Prime,multi_other,2024-01-01,15000,0.0034339937542576,0.7113819590985027,0.5324588046541188,0.5394791062920172,0.4407425642523992,9360.0
CAF1,FF,Prime,solo_offer,2024-01-01,15000,0.0097343371074978,0.8220122457689635,0.6427592642923275,0.7192528909174402,0.6493170855292578,9360.0
CAF1,FF,Subprime,multi_best,2024-01-01,15000,0.2010601950393564,0.4825330330763264,0.3910941831751586,0.3817079225419117,0.383669100658939,9360.0
CAF1,FF,Subprime,multi_other,2024-01-01,15000,0.1025186185634729,0.437107799402423,0.3442272846974915,0.363074117987394,0.3007318897783647,9360.0
CAF1,FF,Subprime,solo_offer,2024-01-01,15000,0.001193619043684,0.596406165852543,0.403787340180569,0.4132464918928848,0.3599820012817147,9360.0
CAF1,FF,Super_Prime,multi_best,2024-01-01,15000,0.0755646647268196,0.8759451317928645,0.7136740777272533,0.7399246345950219,0.5921588965519534,9360.0
CAF1,FF,Super_Prime,multi_other,2024-01-01,15000,0.0523914361968978,0.8123059790230052,0.6599769281245208,0.5728527520027197,0.5791955862056232,9360.0
CAF1,FF,Super_Prime,solo_offer,2024-01-01,15000,0.1727431635655059,0.9486633697592124,0.8097174985240251,0.7144820545404145,0.6641912482869813,9360.0
CAF1,FF,Deep_Subprime,multi_best,2024-02-01,16389,0.0221885382092968,0.3080117826456536,0.2417171848355884,0.2754173862032645,0.2881063347618188,9802.0
CAF1,FF,Deep_Subprime,multi_other,2024-02-01,16389,0.0408797269341157,0.2603221235084738,0.2024575996492737,0.2452018576439573,0.2474173970389485,9802.0
CAF1,FF,Deep_Subprime,solo_offer,2024-02-01,16389,0.1842680410198465,0.3126840779034984,0.2760498232067062,0.3212736867594707,0.3048589663372587,9802.0
CAF1,FF,Near_Prime,multi_best,2024-02-01,16389,0.0088345501026196,0.6322718483093083,0.56906533660298,0.5462447294942112,0.4276604066242828,9802.0
CAF1,FF,Near_Prime,multi_other,2024-02-01,16389,0.0024711048896776,0.5846780751894092,0.4493622097988497,0.4306356444939721,0.3674878427357172,9802.0
CAF1,FF,Near_Prime,solo_offer,2024-02-01,16389,0.0019924245382609,0.7783360876594904,0.5517744154231745,0.5520669683917704,0.5150988769306227,9802.0
CAF1,FF,New_To_Credit,multi_best,2024-02-01,16389,0.0201043464964273,0.411613823232756,0.2991594514563195,0.3633656416671725,0.3078643268169339,9802.0
CAF1,FF,New_To_Credit,multi_other,2024-02-01,16389,0.0061986613003648,0.3914445591890449,0.2671212063828093,0.3049871801161663,0.2615839486543414,9802.0
CAF1,FF,New_To_Credit,solo_offer,2024-02-01,16389,0.1090123896103699,0.4556256638421209,0.3179677831565211,0.3859311654890447,0.3275461572212171,9802.0
CAF1,FF,Prime,multi_best,2024-02-01,16389,0.0572381235511093,0.8508823625475991,0.6861735146568121,0.5408342556637429,0.5411607086783772,9802.0
CAF1,FF,Prime,multi_other,2024-02-01,16389,0.0431650009107632,0.7081071844534244,0.5439868197662283,0.4989454596720378,0.4702161946604327,9802.0
CAF1,FF,Prime,solo_offer,2024-02-01,16389,0.052683077674654,0.8479686115950482,0.649095310973497,0.6240874414555364,0.5853404052887994,9802.0
CAF1,FF,Subprime,multi_best,2024-02-01,16389,0.0292038629650464,0.5408265885966654,0.3791649512533578,0.3715915897672979,0.3592405987399846,9802.0
CAF1,FF,Subprime,multi_other,2024-02-01,16389,0.0549753336019836,0.4937085408699541,0.3414279795488281,0.3723937594132233,0.340952951073301,9802.0
CAF1,FF,Subprime,solo_offer,2024-02-01,16389,0.0782900604971034,0.5620520767377887,0.4402357540441399,0.4005301301099991,0.3784687999675397,9802.0
CAF1,FF,Super_Prime,multi_best,2024-02-01,16389,0.0637543914362126,0.9240126761718764,0.7734903249870314,0.742514090765876,0.5905078274196406,9802.0
CAF1,FF,Super_Prime,multi_other,2024-02-01,16389,0.1140531425170882,0.8735945577553765,0.6530987545522685,0.6687374595506719,0.6119167534113242,9802.0
CAF1,FF,Super_Prime,solo_offer,2024-02-01,16389,0.1106872237450593,0.9483707876769262,0.7383374519010345,0.8361734384607563,0.7357054846076283,9802.0
CAF1,NON_FF,Deep_Subprime,multi_best,2023-01-01,8176,0.0576583656494106,0.286661634934287,0.2300505754245336,0.2980374669129103,0.2902990403943343,4238.0
CAF1,NON_FF,Deep_Subprime,multi_other,2023-01-01,8129,0.10439943069437,0.2806431392418884,0.2207049305132939,0.2451664967531293,0.2491783781025993,4238.0
CAF1,NON_FF,Deep_Subprime,solo_offer,2023-01-01,8373,0.0189498110161715,0.3470735104676279,0.2473280370640494,0.3256680548704641,0.3095682329969029,4238.0
CAF1,NON_FF,Near_Prime,multi_best,2023-01-01,8453,0.0046709886867327,0.6581865688038601,0.5638621686435472,0.4925548113674368,0.4465190841779849,4238.0
CAF1,NON_FF,Near_Prime,multi_other,2023-01-01,8189,0.1074268955758449,0.5728046034541995,0.4364131311144906,0.4762888937790158,0.3774132578111923,4238.0
CAF1,NON_FF,Near_Prime,solo_offer,2023-01-01,8305,0.0120482609338179,0.6649150401400348,0.6160525102158897,0.5253049318094231,0.5251651277446775,4238.0
CAF1,NON_FF,New_To_Credit,multi_best,2023-01-01,8534,0.070252025772218,0.407672568715851,0.3254101259520109,0.3535327669632531,0.3028186296279153,4238.0
CAF1,NON_FF,New_To_Credit,multi_other,2023-01-01,8463,0.0458980425922194,0.3513388981710525,0.3112143154903959,0.3262173763301324,0.3066116234132534,4238.0
CAF1,NON_FF,New_To_Credit,solo_offer,2023-01-01,8526,0.101779354078364,0.4886438059203061,0.3234261117915821,0.3956003035435558,0.3791522672096127,4238.0
CAF1,NON_FF,Prime,multi_best,2023-01-01,8231,0.0367835684375838,0.8239403558453088,0.6689457591889043,0.6477897352623798,0.5415483710267998,4238.0
CAF1,NON_FF,Prime,multi_other,2023-01-01,8264,0.0330053403164241,0.7097309900353723,0.5292777096653969,0.5174548589743255,0.4658530736198548,4238.0
CAF1,NON_FF,Prime,solo_offer,2023-01-01,8162,0.0758586470004467,0.8151239991685871,0.7251290075837836,0.6132561926192533,0.5845706795737271,4238.0
CAF1,NON_FF,Subprime,multi_best,2023-01-01,8366,0.045388119391182,0.532978708518094,0.4437539097421782,0.3973321671232425,0.3219893537233926,4238.0
CAF1,NON_FF,Subprime,multi_other,2023-01-01,8120,0.0182970032990697,0.4873989817886036,0.3574742552382411,0.3911710384689387,0.3588171949028369,4238.0
CAF1,NON_FF,Subprime,solo_offer,2023-01-01,8331,0.1074460100456023,0.4853932143305199,0.453984810252454,0.4203697154257468,0.4359589852224196,4238.0
CAF1,NON_FF,Super_Prime,multi_best,2023-01-01,8231,0.0133872617727088,0.8103874186654729,0.6577196170312061,0.7057190849618301,0.5793725144832507,4238.0
CAF1,NON_FF,Super_Prime,multi_other,2023-01-01,8375,0.050736041420704,0.7626417816494986,0.6528507465262536,0.6659507195074799,0.577891164872931,4238.0
CAF1,NON_FF,Super_Prime,solo_offer,2023-01-01,8294,0.0960148333171289,0.9292686443260838,0.7357054140407523,0.807419238355019,0.7231252320355795,4238.0
CAF1,NON_FF,Deep_Subprime,multi_best,2023-02-01,9058,0.0583108217436102,0.3015289342566832,0.2498291206186772,0.3125136715257898,0.2479424144757855,5938.0
CAF1,NON_FF,Deep_Subprime,multi_other,2023-02-01,9321,0.0261118079843569,0.2569512212448548,0.2235457761926124,0.2763051563338795,0.2680436280799348,5938.0
CAF1,NON_FF,Deep_Subprime,solo_offer,2023-02-01,9298,0.0474596626695269,0.3320681580444466,0.2575907725467129,0.3096715182580438,0.2901342523090174,5938.0
CAF1,NON_FF,Near_Prime,multi_best,2023-02-01,9270,0.0303959295204832,0.6409208044739865,0.5312398735616403,0.5020318473603467,0.4312268239823938,5938.0
CAF1,NON_FF,Near_Prime,multi_other,2023-02-01,9315,0.0332679261643184,0.6482148195769452,0.5012035476106143,0.4679156239935993,0.4234916710884775,5938.0
CAF1,NON_FF,Near_Prime,solo_offer,2023-02-01,8990,0.1551963485124531,0.7137670278316791,0.526512576174381,0.527556299270979,0.4627603491051693,5938.0
CAF1,NON_FF,New_To_Credit,multi_best,2023-02-01,9447,0.0022406695205655,0.3662031457093326,0.3265708529280343,0.3768640033137921,0.3208634649638547,5938.0
CAF1,NON_FF,New_To_Credit,multi_other,2023-02-01,9039,0.0029174403329684,0.3428222956381683,0.3001497577264118,0.3155110001691096,0.2900456313979406,5938.0
CAF1,NON_FF,New_To_Credit,solo_offer,2023-02-01,9166,0.0652324318230492,0.46587422643336,0.328235046073751,0.349909617934844,0.359830130564337,5938.0
CAF1,NON_FF,Prime,multi_best,2023-02-01,9133,0.0860069709138959,0.8540418085940967,0.5953374541799299,0.5786867848685666,0.481645046911996,5938.0
CAF1,NON_FF,Prime,multi_other,2023-02-01,9064,0.117347181618253,0.6532138966298159,0.612696947926303,0.5817436939757757,0.5141503725318692,5938.0
CAF1,NON_FF,Prime,solo_offer,2023-02-01,9395,0.0807504381600815,0.9065362289841712,0.7817133036866106,0.6681599958561882,0.5736224671203253,5938.0
CAF1,NON_FF,Subprime,multi_best,2023-02-01,9230,0.0613840680787435,0.4639801173880277,0.379829628462735,0.3717703529526452,0.3275789720081926,5938.0
CAF1,NON_FF,Subprime,multi_other,2023-02-01,9085,0.0027462193423719,0.4774184766981104,0.3709968155767534,0.3642085366674001,0.2947993771653165,5938.0
CAF1,NON_FF,Subprime,solo_offer,2023-02-01,8978,0.0070176970290941,0.5424959062830628,0.4107615778008897,0.4249387590528504,0.420191125971763,5938.0
CAF1,NON_FF,Super_Prime,multi_best,2023-02-01,9242,0.0517638471841112,0.9759859985630326,0.6849282571692599,0.7240418706571476,0.5727271946389147,5938.0
CAF1,NON_FF,Super_Prime,multi_other,2023-02-01,9015,0.1174484820419029,0.7432041785425331,0.6530965330366386,0.6310754948407581,0.5675337297995869,5938.0
CAF1,NON_FF,Super_Prime,solo_offer,2023-02-01,9292,0.0544020573602137,0.996945458951519,0.7676517194708042,0.7004112832864082,0.684666727329695,5938.0
CAF1,NON_FF,Deep_Subprime,multi_best,2024-01-01,9000,0.0592902867608781,0.2890153203093766,0.2241356518409324,0.303408075747501,0.2935523578046822,4628.0
CAF1,NON_FF,Deep_Subprime,multi_other,2024-01-01,9000,0.1041602818077151,0.2805856090204486,0.2190266425478605,0.2482475306636215,0.2485893512175796,4628.0
CAF1,NON_FF,Deep_Subprime,solo_offer,2024-01-01,9000,0.0196754479028676,0.3532986240608458,0.2531469015012741,0.322416450087727,0.3178575182881014,4628.0
CAF1,NON_FF,Near_Prime,multi_best,2024-01-01,9000,0.0044761418572719,0.6670480213796443,0.5506603755683315,0.5002637093105192,0.4569213496163723,4628.0
CAF1,NON_FF,Near_Prime,multi_other,2024-01-01,9000,0.1042072699203357,0.5841245701768072,0.439474743657897,0.4700206903735355,0.3872425613577093,4628.0
CAF1,NON_FF,Near_Prime,solo_offer,2024-01-01,9000,0.012681775074502,0.6783905190032091,0.6261124074636799,0.5382407497133437,0.5338126089625342,4628.0
CAF1,NON_FF,New_To_Credit,multi_best,2024-01-01,9000,0.0693255565804674,0.4192614894203363,0.3326090074236972,0.3641738858790976,0.3061479425268446,4628.0
CAF1,NON_FF,New_To_Credit,multi_other,2024-01-01,9000,0.0470538217671722,0.3451386127870436,0.3058192025555625,0.3345371438647884,0.3043130004634919,4628.0
CAF1,NON_FF,New_To_Credit,solo_offer,2024-01-01,9000,0.0999022241407231,0.4831247388091753,0.3266619146726514,0.3864113832320077,0.3726519538846073,4628.0
CAF1,NON_FF,Prime,multi_best,2024-01-01,9000,0.0371064215979069,0.839438624818884,0.6591530110780437,0.6419068092593013,0.5570221923684372,4628.0
CAF1,NON_FF,Prime,multi_other,2024-01-01,9000,0.0345481937958379,0.729836438880308,0.5291913332537964,0.5257133067304188,0.4631776701386638,4628.0
CAF1,NON_FF,Prime,solo_offer,2024-01-01,9000,0.0778413202070339,0.8314713984650587,0.7338748343657333,0.6253168795495777,0.573257484141321,4628.0
CAF1,NON_FF,Subprime,multi_best,2024-01-01,9000,0.0459252025488073,0.5453928577002588,0.4331891512176359,0.3896126960204356,0.3251128763900784,4628.0
CAF1,NON_FF,Subprime,multi_other,2024-01-01,9000,0.0189645360434455,0.4885486706328953,0.3548292586788467,0.3935991469711443,0.3540425745153837,4628.0
CAF1,NON_FF,Subprime,solo_offer,2024-01-01,9000,0.1056569871756,0.49767475630746,0.4528015620398309,0.4115857397878204,0.430884319880751,4628.0
CAF1,NON_FF,Super_Prime,multi_best,2024-01-01,9000,0.0136642624154845,0.8116554692909933,0.6626119021727087,0.7228902476751279,0.5676377595646236,4628.0
CAF1,NON_FF,Super_Prime,multi_other,2024-01-01,9000,0.0494104753020304,0.7550509043296348,0.6543158991019097,0.6541787949092793,0.584232406827595,4628.0
CAF1,NON_FF,Super_Prime,solo_offer,2024-01-01,9000,0.0961097951019197,0.9076597130690196,0.738401988312587,0.8313773450331703,0.7077510676688193,4628.0
CAF1,NON_FF,Deep_Subprime,multi_best,2024-02-01,10193,0.0572657465205162,0.2939102840638424,0.2455608047065064,0.3081056190520586,0.2454464165276904,6581.0
CAF1,NON_FF,Deep_Subprime,multi_other,2024-02-01,10193,0.0247153337948049,0.2632290811898294,0.221437148358855,0.2701693579633247,0.2603254062817525,6581.0
CAF1,NON_FF,Deep_Subprime,solo_offer,2024-02-01,10193,0.0458690566432504,0.329446647757711,0.2625993094972139,0.308431323414061,0.2930707879647357,6581.0
CAF1,NON_FF,Near_Prime,multi_best,2024-02-01,10193,0.0301946522492799,0.6563994664117958,0.5423179759608066,0.5160197376717731,0.4301940507251349,6581.0
CAF1,NON_FF,Near_Prime,multi_other,2024-02-01,10193,0.034473646199111,0.6382192378375938,0.490267151402724,0.454891864726026,0.4140493804449826,6581.0
CAF1,NON_FF,Near_Prime,solo_offer,2024-02-01,10193,0.1615811089555631,0.7019802710512407,0.5346248702161048,0.5122080746938195,0.470274046918295,6581.0
CAF1,NON_FF,New_To_Credit,multi_best,2024-02-01,10193,0.0022674451379492,0.3621209048433298,0.3254896372015017,0.380816116899747,0.3197548732061804,6581.0
CAF1,NON_FF,New_To_Credit,multi_other,2024-02-01,10193,0.0027863348941594,0.3519482346868696,0.2962534013822796,0.3123699321009656,0.2860864719542135,6581.0
CAF1,NON_FF,New_To_Credit,solo_offer,2024-02-01,10193,0.0654159377939314,0.4539650395824673,0.3282705836665327,0.3519337935498331,0.3563696559796977,6581.0
CAF1,NON_FF,Prime,multi_best,2024-02-01,10193,0.0886150663142035,0.8472297911629927,0.6106665281615457,0.5926765704846764,0.4944732891849648,6581.0
CAF1,NON_FF,Prime,multi_other,2024-02-01,10193,0.1162905660281117,0.651650507051826,0.6292970973708972,0.5762858530153183,0.5050486928323076,6581.0
CAF1,NON_FF,Prime,solo_offer,2024-02-01,10193,0.076841828590026,0.9197920747351886,0.7709999727883252,0.6621516459757579,0.5729672289854201,6581.0
CAF1,NON_FF,Subprime,multi_best,2024-02-01,10193,0.0632038744671166,0.4514393488629756,0.3692858112405533,0.3636802113617403,0.3269324737669659,6581.0
CAF1,NON_FF,Subprime,multi_other,2024-02-01,10193,0.0026795038489347,0.4819914525609906,0.3746633658753618,0.3581405156942874,0.2979396536101849,6581.0
CAF1,NON_FF,Subprime,solo_offer,2024-02-01,10193,0.007224774996644,0.541156006867057,0.4178003270761019,0.4273255957213111,0.4164214119487781,6581.0
CAF1,NON_FF,Super_Prime,multi_best,2024-02-01,10193,0.0509622830399277,0.94859883955775,0.6790782279595455,0.7172046666146601,0.5777537805892148,6581.0
CAF1,NON_FF,Super_Prime,multi_other,2024-02-01,10193,0.1171931836075395,0.7373724388293145,0.6520635602512321,0.6351200253228734,0.5825845508298968,6581.0
CAF1,NON_FF,Super_Prime,solo_offer,2024-02-01,10193,0.05241965691893,0.99,0.7698541975995442,0.7125673189483903,0.696082915843596,6581.0
CAP,FF,Deep_Subprime,multi_best,2023-01-01,9162,0.0886357083194727,0.3348472259584854,0.2534933725358276,0.2807839283149551,0.2743282616011382,4864.0
CAP,FF,Deep_Subprime,multi_other,2023-01-01,9364,0.042273206789615,0.2775127369360581,0.2182664218048108,0.2844733657511938,0.2598422653275942,4864.0
CAP,FF,Deep_Subprime,solo_offer,2023-01-01,9155,0.0217547384101017,0.351498835761571,0.2855102137765009,0.3417982501508392,0.3106764374140768,4864.0
CAP,FF,Near_Prime,multi_best,2023-01-01,9057,0.0327814156848967,0.5909818430008535,0.5043103252208009,0.5325572267272056,0.4604175754682704,4864.0
CAP,FF,Near_Prime,multi_other,2023-01-01,9431,0.1039678953172242,0.5937105603172488,0.492198562571661,0.4458508421050092,0.3962386460025128,4864.0
CAP,FF,Near_Prime,solo_offer,2023-01-01,9179,0.1387044839452766,0.7614077261067146,0.5356309392500005,0.5435958263081286,0.5280008365535414,4864.0
CAP,FF,New_To_Credit,multi_best,2023-01-01,9443,0.150317136362074,0.4169068415000772,0.2951053825111142,0.3720679357128343,0.3326298416732662,4864.0
CAP,FF,New_To_Credit,multi_other,2023-01-01,9236,0.0291607107314365,0.353829847054994,0.2864522152825016,0.3163113461646355,0.2533962520083009,4864.0
CAP,FF,New_To_Credit,solo_offer,2023-01-01,9318,0.0164035515871204,0.4699223645792909,0.3574387275247261,0.3587367825425464,0.3727224031854984,4864.0
CAP,FF,Prime,multi_best,2023-01-01,9385,0.0488745443799143,0.8434031523369576,0.595337442520664,0.6001390534214411,0.5835112256900978,4864.0
CAP,FF,Prime,multi_other,2023-01-01,9037,0.0277797384608394,0.7856562050789331,0.5599877253909689,0.5765639410984028,0.4472768574085012,4864.0
CAP,FF,Prime,solo_offer,2023-01-01,9364,0.0694940651380303,0.9328654199813198,0.6695793063302831,0.6380632669781648,0.576952614586374,4864.0
CAP,FF,Subprime,multi_best,2023-01-01,9165,0.0287174796740712,0.4943758539898253,0.398777472063842,0.4262883302519861,0.3439413068010211,4864.0
CAP,FF,Subprime,multi_other,2023-01-01,9031,0.0373791163538545,0.4597046563947114,0.3627317446155172,0.3768577095097647,0.2954022946612746,4864.0
CAP,FF,Subprime,solo_offer,2023-01-01,9311,0.0349853534779291,0.5286477129380773,0.4033917686831306,0.4619793436046305,0.3961228172201518,4864.0
CAP,FF,Super_Prime,multi_best,2023-01-01,9407,0.0115074284352578,0.9790782611463,0.7433277609465574,0.6937127893102667,0.5701477355840009,4864.0
CAP,FF,Super_Prime,multi_other,2023-01-01,9353,0.1060910289909987,0.8363758558933827,0.644375619460805,0.6196703925979942,0.6086426296692874,4864.0
CAP,FF,Super_Prime,solo_offer,2023-01-01,9002,0.0111723979418862,1.0,0.8566877610172104,0.7663294328302965,0.6508960344629364,4864.0
CAP,FF,Deep_Subprime,multi_best,2023-02-01,9270,0.0140819193188085,0.3128323578451499,0.2553934278882404,0.315146028141068,0.2694848453272496,5127.0
CAP,FF,Deep_Subprime,multi_other,2023-02-01,9353,0.0509210645378188,0.2869163071013563,0.2089799547132478,0.2554890969182552,0.2603834429191722,5127.0
CAP,FF,Deep_Subprime,solo_offer,2023-02-01,9403,0.01055325359524,0.3475159275109744,0.245125354713765,0.3033058031403198,0.2752592303546613,5127.0
CAP,FF,Near_Prime,multi_best,2023-02-01,9136,0.0297446624129955,0.5953756477132972,0.4977520697785,0.5499165681931412,0.4900610905894599,5127.0
CAP,FF,Near_Prime,multi_other,2023-02-01,9084,0.0982088793879755,0.560362320783658,0.4450762923368912,0.4507452434366233,0.4093486099825689,5127.0
CAP,FF,Near_Prime,solo_offer,2023-02-01,8997,0.0302638284894265,0.7354771369051524,0.5566510057071262,0.5307868622926496,0.5135089097007912,5127.0
CAP,FF,New_To_Credit,multi_best,2023-02-01,9242,0.1750012310775531,0.3827981254983635,0.3283739839852264,0.3507632587323226,0.3472408954429304,5127.0
CAP,FF,New_To_Credit,multi_other,2023-02-01,9200,0.0312966709724483,0.3892097412707698,0.2759635287291291,0.3005482119762006,0.2817571394850151,5127.0
CAP,FF,New_To_Credit,solo_offer,2023-02-01,9205,0.0368725390062638,0.389650666799603,0.318135041550925,0.3583157146511167,0.3208026577069131,5127.0
CAP,FF,Prime,multi_best,2023-02-01,9283,0.0566960248802584,0.7746832936757424,0.6131745675539153,0.5492029499734725,0.5402242782751747,5127.0
CAP,FF,Prime,multi_other,2023-02-01,9238,0.1816463002435746,0.7253695586894968,0.5257259384804982,0.5833638236762763,0.4819126154670379,5127.0
CAP,FF,Prime,solo_offer,2023-02-01,9381,0.0368906726175334,0.7929162368318594,0.7250452305752679,0.6033384259230615,0.6392573442619153,5127.0
CAP,FF,Subprime,multi_best,2023-02-01,9444,0.0170894946970371,0.4568292609144777,0.3745672316217236,0.3751164597360728,0.3658636513627841,5127.0
CAP,FF,Subprime,multi_other,2023-02-01,9149,0.0403816069645018,0.4035651449014652,0.3333445870141608,0.3724682339244519,0.311002299271421,5127.0
CAP,FF,Subprime,solo_offer,2023-02-01,9073,0.0439115068403262,0.4837886229245772,0.4101057055942299,0.4709700691440008,0.4172020316329463,5127.0
CAP,FF,Super_Prime,multi_best,2023-02-01,9329,0.0003157398523945,0.8490451911841422,0.774010462463519,0.6320003583000263,0.6120169812373569,5127.0
CAP,FF,Super_Prime,multi_other,2023-02-01,9279,0.0297279831304055,0.7382624696337604,0.732544070778013,0.6187719308158637,0.5742451132147897,5127.0
CAP,FF,Super_Prime,solo_offer,2023-02-01,9115,0.1163966219754379,0.9852318026254115,0.7973265534616437,0.7140123366702272,0.7179765467287238,5127.0
CAP,FF,Deep_Subprime,multi_best,2024-01-01,10000,0.0873179268610777,0.3253499628706377,0.2499474544470431,0.2791523425748556,0.274119571449008,5234.0
CAP,FF,Deep_Subprime,multi_other,2024-01-01,10000,0.0443067655115007,0.2757626125046742,0.212722445000263,0.282767988723735,0.2641102369177741,5234.0
CAP,FF,Deep_Subprime,solo_offer,2024-01-01,10000,0.022745989227786,0.354560177990314,0.2868158453151348,0.3342987901168878,0.3086810589382874,5234.0
CAP,FF,Near_Prime,multi_best,2024-01-01,10000,0.0316039753293181,0.6044892655553407,0.4918421451041947,0.5222252568393067,0.4698032882891467,5234.0
CAP,FF,Near_Prime,multi_other,2024-01-01,10000,0.1075689005863891,0.6015142730475799,0.4861535744021206,0.4538451999012836,0.3848957237714632,5234.0
CAP,FF,Near_Prime,solo_offer,2024-01-01,10000,0.133008720724069,0.7645426777180362,0.5293847029707789,0.5387016019616405,0.5244322412121759,5234.0
CAP,FF,New_To_Credit,multi_best,2024-01-01,10000,0.1457652366865739,0.4271118469156748,0.2959784115970091,0.3794589317832161,0.3383034708099141,5234.0
CAP,FF,New_To_Credit,multi_other,2024-01-01,10000,0.0307172723274772,0.3613563401130772,0.293257465098908,0.3086371703438182,0.2582549849212092,5234.0
CAP,FF,New_To_Credit,solo_offer,2024-01-01,10000,0.0167587813790803,0.4774500291357963,0.348539091746851,0.3552193295297381,0.3800994950880898,5234.0
CAP,FF,Prime,multi_best,2024-01-01,10000,0.0469561003064592,0.8390314068116285,0.5802921516461799,0.608386762184558,0.5683455380599947,5234.0
CAP,FF,Prime,multi_other,2024-01-01,10000,0.0281886168515584,0.7742542516936921,0.5578078174520728,0.5746957889045775,0.4481534048320462,5234.0
CAP,FF,Prime,solo_offer,2024-01-01,10000,0.0693971825394004,0.9307931091755176,0.6549558230663716,0.6351473129490124,0.5641205098099586,5234.0
CAP,FF,Subprime,multi_best,2024-01-01,10000,0.0300061740242448,0.490085141676364,0.3969604642915306,0.4357826671689453,0.3350413010243578,5234.0
CAP,FF,Subprime,multi_other,2024-01-01,10000,0.0393952569435949,0.4577606848815118,0.3604239848796816,0.3680247049512947,0.2927735399115905,5234.0
CAP,FF,Subprime,solo_offer,2024-01-01,10000,0.0366753310794953,0.5330265592854312,0.4119805990785255,0.4759436493973594,0.4026046301454768,5234.0
CAP,FF,Super_Prime,multi_best,2024-01-01,10000,0.0113807332891682,0.9791697822504256,0.7383899596422843,0.676886786051992,0.5845482811555868,5234.0
CAP,FF,Super_Prime,multi_other,2024-01-01,10000,0.1068725666799431,0.857632080661788,0.6635614291683356,0.6342160975890166,0.6116674189179787,5234.0
CAP,FF,Super_Prime,solo_offer,2024-01-01,10000,0.011334469652863,0.99,0.8563851823767845,0.789132651370755,0.6399020684421793,5234.0
CAP,FF,Deep_Subprime,multi_best,2024-02-01,10170,0.0138847865296958,0.3133360159113395,0.2570734304691017,0.3198131918740195,0.2644479105993966,5613.0
CAP,FF,Deep_Subprime,multi_other,2024-02-01,10170,0.0493621536493523,0.2790765973748149,0.2032553215619634,0.2588299774340947,0.2622619207801265,5613.0
CAP,FF,Deep_Subprime,solo_offer,2024-02-01,10170,0.0108628615781818,0.3400812431182238,0.2501760508392672,0.3035631319221168,0.2817444281453676,5613.0
CAP,FF,Near_Prime,multi_best,2024-02-01,10170,0.0304883293025569,0.6051812319709927,0.4869205255715082,0.5361785621013517,0.4901503915920269,5613.0
CAP,FF,Near_Prime,multi_other,2024-02-01,10170,0.0957000531727873,0.5701771900047312,0.4465417014062366,0.4629599588915115,0.3976074678589459,5613.0
CAP,FF,Near_Prime,solo_offer,2024-02-01,10170,0.0304218316217107,0.718487808513844,0.5652232582497334,0.539083936696286,0.5009043927995137,5613.0
CAP,FF,New_To_Credit,multi_best,2024-02-01,10170,0.1762509667320561,0.3745148348071838,0.3253146599020604,0.3444997185414748,0.3397383177978494,5613.0
CAP,FF,New_To_Credit,multi_other,2024-02-01,10170,0.032200407685394,0.3828559364451678,0.2788886794577978,0.2998436763061715,0.276678559543084,5613.0
CAP,FF,New_To_Credit,solo_offer,2024-02-01,10170,0.0388433159249105,0.3971441692689448,0.3228198005721546,0.3625072416462441,0.3136886817284557,5613.0
CAP,FF,Prime,multi_best,2024-02-01,10170,0.0551574225404519,0.7528223424771212,0.6004080282449494,0.5443859601417713,0.53698323007188,5613.0
CAP,FF,Prime,multi_other,2024-02-01,10170,0.1805892977173837,0.7293371231898168,0.5259696352621464,0.5697569826030612,0.4814596747375084,5613.0
CAP,FF,Prime,solo_offer,2024-02-01,10170,0.0363320115480767,0.8038054600203633,0.7391944342322044,0.6217075382886174,0.641288849585557,5613.0
CAP,FF,Subprime,multi_best,2024-02-01,10170,0.0182013108990863,0.4527095992503483,0.377757772954636,0.3784859837270458,0.3723762775391084,5613.0
CAP,FF,Subprime,multi_other,2024-02-01,10170,0.043093882028523,0.4067739483978928,0.3314958179028893,0.3815939581468697,0.3031696941011209,5613.0
CAP,FF,Subprime,solo_offer,2024-02-01,10170,0.0430649341486711,0.497792499122638,0.4097414285682248,0.459005556138571,0.4085867761992841,5613.0
CAP,FF,Super_Prime,multi_best,2024-02-01,10170,0.0003321956697676,0.8420464740365553,0.7863941257156016,0.6508127818854358,0.619242639589605,5613.0
CAP,FF,Super_Prime,multi_other,2024-02-01,10170,0.0290292199003736,0.7428266462287403,0.712394903039235,0.6302765713017366,0.5778166609640931,5613.0
CAP,FF,Super_Prime,solo_offer,2024-02-01,10170,0.1161850193510198,0.99,0.8129506632064537,0.6950165463146034,0.7156662797615162,5613.0
CAP,NON_FF,Deep_Subprime,multi_best,2023-01-01,5552,0.0312288656569318,0.3231903337182996,0.2197657199059523,0.2711667609299423,0.2776544003140687,2767.0
CAP,NON_FF,Deep_Subprime,multi_other,2023-01-01,5672,0.001276350704153,0.2748884667927398,0.2246418922715282,0.2675424094918875,0.2268526342130706,2767.0
CAP,NON_FF,Deep_Subprime,solo_offer,2023-01-01,5494,0.0960117283415389,0.308855672690722,0.2611726814442045,0.3408127405479891,0.29259565347576,2767.0
CAP,NON_FF,Near_Prime,multi_best,2023-01-01,5528,0.084542443951905,0.5919749048233168,0.4823526706505386,0.5270452469445784,0.404381729058864,2767.0
CAP,NON_FF,Near_Prime,multi_other,2023-01-01,5407,0.0084008682704469,0.5938588412856023,0.4322991275022523,0.4333132624655841,0.3854694278345136,2767.0
CAP,NON_FF,Near_Prime,solo_offer,2023-01-01,5556,0.1726647249473148,0.7547603921866314,0.5657890295510486,0.5236993755760787,0.5116272285263662,2767.0
CAP,NON_FF,New_To_Credit,multi_best,2023-01-01,5523,0.0436739975869443,0.399177214491058,0.3082342022596599,0.3245670854058227,0.3431939276874449,2767.0
CAP,NON_FF,New_To_Credit,multi_other,2023-01-01,5626,0.0595617616092143,0.3372290432903799,0.3110508789849407,0.3197652896156011,0.2669235168944637,2767.0
CAP,NON_FF,New_To_Credit,solo_offer,2023-01-01,5474,0.0182934995669616,0.4612817386890366,0.3824772336139748,0.3994168499385637,0.3314433259350483,2767.0
CAP,NON_FF,Prime,multi_best,2023-01-01,5631,0.0330149859144325,0.7076145932334682,0.6066938441754169,0.6350272896071267,0.5937446304478071,2767.0
CAP,NON_FF,Prime,multi_other,2023-01-01,5548,0.0205928729032799,0.7515016903597023,0.5882436737410195,0.5657908121348344,0.4661095093933099,2767.0
CAP,NON_FF,Prime,solo_offer,2023-01-01,5568,0.0465867190921149,0.8780654020607882,0.7436346925026086,0.6844026470403326,0.5748600069735279,2767.0
CAP,NON_FF,Subprime,multi_best,2023-01-01,5409,0.0389747651288219,0.4860219563584844,0.4206001042043216,0.4294319655010336,0.3811761805104448,2767.0
CAP,NON_FF,Subprime,multi_other,2023-01-01,5590,0.1319070041797936,0.4217439683664346,0.3165485006650051,0.3399137687750687,0.3233048444529305,2767.0
CAP,NON_FF,Subprime,solo_offer,2023-01-01,5432,0.1116825847945639,0.5495829985593973,0.4547346421653361,0.4193427014294794,0.4074764820978869,2767.0
CAP,NON_FF,Super_Prime,multi_best,2023-01-01,5613,0.0544576115341192,0.8862068816707993,0.686400865354957,0.6634383553070005,0.5641976489498504,2767.0
CAP,NON_FF,Super_Prime,multi_other,2023-01-01,5628,0.0288171955785339,0.860621374327176,0.5849830658654932,0.6403671083964533,0.5270154108394562,2767.0
CAP,NON_FF,Super_Prime,solo_offer,2023-01-01,5435,0.0183120202389288,0.927702351118872,0.7562518336699642,0.8175750693613494,0.7728895115857757,2767.0
CAP,NON_FF,Deep_Subprime,multi_best,2023-02-01,5894,0.1053962168451809,0.2713859857456959,0.2195484258547786,0.3244540462796045,0.2658931800122751,3247.0
CAP,NON_FF,Deep_Subprime,multi_other,2023-02-01,5893,0.0080193302817278,0.2590143773601835,0.2192905852159785,0.2618625390983071,0.2665566944507919,3247.0
CAP,NON_FF,Deep_Subprime,solo_offer,2023-02-01,5723,0.0488522779473191,0.3239724258503714,0.2545428364779663,0.3178348225267189,0.2883084585804416,3247.0
CAP,NON_FF,Near_Prime,multi_best,2023-02-01,5890,0.0271077623887341,0.7029989586437754,0.4707698956245656,0.5433108938643714,0.4655201365847525,3247.0
CAP,NON_FF,Near_Prime,multi_other,2023-02-01,5878,0.0100315892047223,0.6476933832592953,0.4911156568282582,0.4853563426856352,0.3962309975687555,3247.0
CAP,NON_FF,Near_Prime,solo_offer,2023-02-01,5886,0.0106798085215319,0.7896429078909645,0.5736582034714106,0.5106654346557019,0.4437796166599441,3247.0
CAP,NON_FF,New_To_Credit,multi_best,2023-02-01,5681,0.0956581481400677,0.4241892871177028,0.3090757867524183,0.3645103935586919,0.2882868405618639,3247.0
CAP,NON_FF,New_To_Credit,multi_other,2023-02-01,5710,0.0012938397674694,0.3973086542565321,0.2764100911607199,0.3439254388467904,0.2920299203426489,3247.0
CAP,NON_FF,New_To_Credit,solo_offer,2023-02-01,5858,0.0318258151376067,0.4649637490836724,0.3166511096861267,0.378279889610919,0.3786957337394881,3247.0
CAP,NON_FF,Prime,multi_best,2023-02-01,5792,0.0454632326456109,0.7572465988339347,0.6581788525338488,0.5450010709617362,0.5098643153552702,3247.0
CAP,NON_FF,Prime,multi_other,2023-02-01,5644,0.0719351002312038,0.7053323727604756,0.5938943070541997,0.5086184683915271,0.5040645483405575,3247.0
CAP,NON_FF,Prime,solo_offer,2023-02-01,5595,0.041703143499742,0.8387861207428414,0.6487720131039094,0.5959155632971507,0.6137255752124416,3247.0
CAP,NON_FF,Subprime,multi_best,2023-02-01,5592,0.1177580886587616,0.5250289380580782,0.4369073883087354,0.4267481748510818,0.3462722859389732,3247.0
CAP,NON_FF,Subprime,multi_other,2023-02-01,5882,0.0015737072326941,0.432961319764013,0.3714202455031207,0.3331441286373267,0.3052480215866019,3247.0
CAP,NON_FF,Subprime,solo_offer,2023-02-01,5705,0.179563372010672,0.5787483651078715,0.4398821438792663,0.4388906941368211,0.413955963774729,3247.0
CAP,NON_FF,Super_Prime,multi_best,2023-02-01,5817,0.0530178060760772,1.0,0.7004228266917525,0.7556555325349524,0.6655213251736277,3247.0
CAP,NON_FF,Super_Prime,multi_other,2023-02-01,5677,0.0660783930692714,0.7929210728135012,0.7100957239408006,0.5790768820537004,0.5633853718719449,3247.0
CAP,NON_FF,Super_Prime,solo_offer,2023-02-01,5649,0.0840423683416062,1.0,0.7723688178184535,0.8258994878671199,0.7714842804567038,3247.0
CAP,NON_FF,Deep_Subprime,multi_best,2024-01-01,6000,0.0319558992078113,0.3162547322247493,0.221116716150421,0.2745082669041485,0.2823221928349946,3023.0
CAP,NON_FF,Deep_Subprime,multi_other,2024-01-01,6000,0.0013114365075304,0.2697565310751347,0.2241389835256781,0.2664806762846023,0.2306751388154206,3023.0
CAP,NON_FF,Deep_Subprime,solo_offer,2024-01-01,6000,0.0928348576902977,0.3003941036899605,0.2638081378522253,0.3363916280285147,0.2871540871145275,3023.0
CAP,NON_FF,Near_Prime,multi_best,2024-01-01,6000,0.0832288733902583,0.5911055756807572,0.4852934703506323,0.5238033616426371,0.4124518801132614,3023.0
CAP,NON_FF,Near_Prime,multi_other,2024-01-01,6000,0.0087112037296157,0.5970687968075676,0.4441646766661716,0.4400366052637779,0.3878841926784267,3023.0
CAP,NON_FF,Near_Prime,solo_offer,2024-01-01,6000,0.1711180998075154,0.7742609082672695,0.5627073480476532,0.5371452381074447,0.496872852823001,3023.0
CAP,NON_FF,New_To_Credit,multi_best,2024-01-01,6000,0.0450168988085895,0.407218453349527,0.3111023294041617,0.3214107451328644,0.3412907552541213,3023.0
CAP,NON_FF,New_To_Credit,multi_other,2024-01-01,6000,0.0579208440296232,0.3338509414261652,0.3139336715800783,0.3115983636963512,0.2656470370651498,3023.0
CAP,NON_FF,New_To_Credit,solo_offer,2024-01-01,6000,0.0180567022028585,0.4680810039553297,0.3730788778794162,0.3999916282557909,0.3307096580100364,3023.0
CAP,NON_FF,Prime,multi_best,2024-01-01,6000,0.0330620809619198,0.721759332585357,0.5935213606488075,0.6480022370217726,0.5803801283767517,3023.0
CAP,NON_FF,Prime,multi_other,2024-01-01,6000,0.0201283677079891,0.7340274867125245,0.5875795423219571,0.5578239608509957,0.4544460882821993,3023.0
CAP,NON_FF,Prime,solo_offer,2024-01-01,6000,0.0463429942486091,0.8895353284427797,0.7253199906799428,0.7035259180893507,0.5591228470851598,3023.0
CAP,NON_FF,Subprime,multi_best,2024-01-01,6000,0.0385670822712707,0.49760504021991,0.4130936932290119,0.4349463791459807,0.3767451909991381,3023.0
CAP,NON_FF,Subprime,multi_other,2024-01-01,6000,0.1298152558644526,0.4243446340731681,0.3262451857244125,0.3428830111895874,0.3301610499093765,3023.0
CAP,NON_FF,Subprime,solo_offer,2024-01-01,6000,0.11705990819493,0.5341239988111445,0.4592760396562136,0.4221467109748395,0.4012592475115143,3023.0
CAP,NON_FF,Super_Prime,multi_best,2024-01-01,6000,0.0564703615265836,0.9046242328144836,0.6727218171621558,0.6681230257127116,0.5693172252449809,3023.0
CAP,NON_FF,Super_Prime,multi_other,2024-01-01,6000,0.030390838872424,0.8771164066628009,0.5984605403425625,0.639641075914796,0.5413778620259292,3023.0
CAP,NON_FF,Super_Prime,solo_offer,2024-01-01,6000,0.0180082949777202,0.9420617617157742,0.7348740021331355,0.8215792564670923,0.7601381422455125,3023.0
CAP,NON_FF,Deep_Subprime,multi_best,2024-02-01,6350,0.1035036435642059,0.2725255913781817,0.2168579488672038,0.3292633433841619,0.2660997492217366,3614.0
CAP,NON_FF,Deep_Subprime,multi_other,2024-02-01,6350,0.0079477073311701,0.2637536389466228,0.2237607626123406,0.2547857099447135,0.264868113539981,3614.0
CAP,NON_FF,Deep_Subprime,solo_offer,2024-02-01,6350,0.0487962577981922,0.3204050624042913,0.2527662187593355,0.3165563359500953,0.2811763004123647,3614.0
CAP,NON_FF,Near_Prime,multi_best,2024-02-01,6350,0.0268265803569023,0.6981128536071209,0.4702120187284402,0.53747016726842,0.4526043420624491,3614.0
CAP,NON_FF,Near_Prime,multi_other,2024-02-01,6350,0.0099774189756825,0.6363709207260089,0.4959661108684151,0.4948140699480004,0.3929076570515886,3614.0
CAP,NON_FF,Near_Prime,solo_offer,2024-02-01,6350,0.0114630339741053,0.770194817997775,0.5852547487280557,0.5206255422228998,0.4479156773740973,3614.0
CAP,NON_FF,New_To_Credit,multi_best,2024-02-01,6350,0.0986062534427007,0.4355785617833129,0.3179136967199917,0.3579387972447495,0.2940231386038007,3614.0
CAP,NON_FF,New_To_Credit,multi_other,2024-02-01,6350,0.0013782291721123,0.3953641410818624,0.2725442899996864,0.3428921017705129,0.2919849649978673,3614.0
CAP,NON_FF,New_To_Credit,solo_offer,2024-02-01,6350,0.0334905576555313,0.4651983612685686,0.3230945345627831,0.3786537197354395,0.372772898714058,3614.0
CAP,NON_FF,Prime,multi_best,2024-02-01,6350,0.0470332316171712,0.7743799942028907,0.6687701467556816,0.547842760895873,0.520051356485706,3614.0
CAP,NON_FF,Prime,multi_other,2024-02-01,6350,0.0754960421427538,0.7256867461020488,0.6094913085894489,0.5204252703166636,0.4982366417896773,3614.0
CAP,NON_FF,Prime,solo_offer,2024-02-01,6350,0.0429101352439655,0.8324815553626358,0.6505758175174411,0.6041578226150557,0.6173191065743231,3614.0
CAP,NON_FF,Subprime,multi_best,2024-02-01,6350,0.115072062055959,0.5373677114186339,0.4387266775359437,0.4214618731091615,0.3540792083160481,3614.0
CAP,NON_FF,Subprime,multi_other,2024-02-01,6350,0.0016052864483566,0.4429221302049363,0.3771059257144002,0.3411919544953178,0.2987587225309144,3614.0
CAP,NON_FF,Subprime,solo_offer,2024-02-01,6350,0.1754160996238144,0.5793907117824241,0.4313699203976134,0.438229054586744,0.406098432686895,3614.0
CAP,NON_FF,Super_Prime,multi_best,2024-02-01,6350,0.0525825379851278,0.9799679680404182,0.716286847198675,0.7506859711385039,0.6734132242154189,3614.0
CAP,NON_FF,Super_Prime,multi_other,2024-02-01,6350,0.0655599262006959,0.7806942766654075,0.6906274454499279,0.571662961974152,0.5779170042198649,3614.0
CAP,NON_FF,Super_Prime,solo_offer,2024-02-01,6350,0.0823349964115524,0.99,0.7599000827678123,0.8353570140879858,0.7582886727799201,3614.0
